algo,func,dim,run,seed,final_error,fes,restarts,wall_time_s
CMAES_IPOP,1,10,0,10010,1.4210854715202004e-14,100310,6,6.015
CMAES_IPOP,1,10,1,10011,8.526512829121202e-14,100160,6,4.627
CMAES_IPOP,1,10,2,10012,1.4210854715202004e-14,100100,6,4.799
CMAES_IPOP,1,10,3,10013,1.4210854715202004e-14,100040,6,5.322
CMAES_IPOP,1,10,4,10014,1.4210854715202004e-14,100310,6,4.873
CMAES_IPOP,1,10,5,10015,1.4210854715202004e-14,100090,6,5.943
CMAES_IPOP,1,10,6,10016,0.0,100150,6,5.447
CMAES_IPOP,1,10,7,10017,2.842170943040401e-14,100070,5,6.141
CMAES_IPOP,1,10,8,10018,4.263256414560601e-14,100090,6,5.271
CMAES_IPOP,1,10,9,10019,1.4210854715202004e-14,100200,6,5.869
CMAES_IPOP,1,10,10,10020,1.4210854715202004e-14,100090,5,5.458
CMAES_IPOP,1,10,11,10021,1.4210854715202004e-14,100010,6,4.784
CMAES_IPOP,1,10,12,10022,2.842170943040401e-14,100100,5,5.065
CMAES_IPOP,1,10,13,10023,1.4210854715202004e-14,100150,6,5.575
CMAES_IPOP,1,10,14,10024,1.4210854715202004e-14,100210,6,5.745
CMAES_IPOP,1,10,15,10025,1.4210854715202004e-14,100040,5,8.178
CMAES_IPOP,1,10,16,10026,1.4210854715202004e-14,100140,5,6.375
CMAES_IPOP,1,10,17,10027,2.842170943040401e-14,100050,6,6.119
CMAES_IPOP,1,10,18,10028,1.4210854715202004e-14,100190,6,5.827
CMAES_IPOP,1,10,19,10029,1.4210854715202004e-14,100080,5,11.792
CMAES_IPOP,1,10,20,10030,2.842170943040401e-14,100050,6,9.96
CMAES_IPOP,1,10,21,10031,1.4210854715202004e-14,100290,6,11.001
CMAES_IPOP,1,10,22,10032,1.4210854715202004e-14,100090,5,11.245
CMAES_IPOP,1,10,23,10033,1.4210854715202004e-14,100040,5,10.597
CMAES_IPOP,1,10,24,10034,0.0,100130,5,11.028
CMAES_IPOP,1,10,25,10035,4.263256414560601e-14,100050,6,10.37
CMAES_IPOP,1,10,26,10036,4.263256414560601e-14,100260,6,11.312
CMAES_IPOP,1,10,27,10037,1.4210854715202004e-14,100130,6,10.627
CMAES_IPOP,1,10,28,10038,2.842170943040401e-14,100100,6,11.262
CMAES_IPOP,1,10,29,10039,1.4210854715202004e-14,100200,6,9.724
CMAES_IPOP,1,10,30,10040,2.842170943040401e-14,100080,6,8.693
CMAES_IPOP,1,10,31,10041,2.842170943040401e-14,100170,6,4.416
CMAES_IPOP,1,10,32,10042,1.4210854715202004e-14,100120,5,6.33
CMAES_IPOP,1,10,33,10043,2.842170943040401e-14,100010,5,6.744
CMAES_IPOP,1,10,34,10044,1.4210854715202004e-14,100080,6,5.353
CMAES_IPOP,1,10,35,10045,1.4210854715202004e-14,100080,6,6.576
CMAES_IPOP,1,10,36,10046,1.4210854715202004e-14,100010,5,5.342
CMAES_IPOP,1,10,37,10047,2.842170943040401e-14,100050,5,5.318
CMAES_IPOP,1,10,38,10048,1.4210854715202004e-14,100220,6,4.923
CMAES_IPOP,1,10,39,10049,1.4210854715202004e-14,100110,6,4.839
CMAES_IPOP,1,10,40,10050,1.4210854715202004e-14,100290,6,5.149
CMAES_IPOP,1,10,41,10051,4.263256414560601e-14,100100,5,5.564
CMAES_IPOP,1,10,42,10052,2.842170943040401e-14,100000,5,5.519
CMAES_IPOP,1,10,43,10053,1.4210854715202004e-14,100230,6,4.72
CMAES_IPOP,1,10,44,10054,8.526512829121202e-14,100290,6,5.439
CMAES_IPOP,1,10,45,10055,2.842170943040401e-14,100090,6,4.669
CMAES_IPOP,1,10,46,10056,4.263256414560601e-14,100020,5,5.105
CMAES_IPOP,1,10,47,10057,1.4210854715202004e-14,100000,5,5.05
CMAES_IPOP,1,10,48,10058,1.4210854715202004e-14,100020,6,5.957
CMAES_IPOP,1,10,49,10059,1.4210854715202004e-14,100190,6,4.691
CMAES_IPOP,1,10,50,10060,2.842170943040401e-14,100120,5,5.509
CMAES_IPOP,3,10,0,10030,0.0,100580,7,4.871
CMAES_IPOP,3,10,1,10031,0.0,100160,7,4.289
CMAES_IPOP,3,10,2,10032,0.0,100490,7,4.171
CMAES_IPOP,3,10,3,10033,5.684341886080802e-14,100480,7,4.864
CMAES_IPOP,3,10,4,10034,5.684341886080802e-14,100260,7,4.221
CMAES_IPOP,3,10,5,10035,0.0,100080,7,4.199
CMAES_IPOP,3,10,6,10036,5.684341886080802e-14,100230,6,4.407
CMAES_IPOP,3,10,7,10037,5.684341886080802e-14,100240,7,4.277
CMAES_IPOP,3,10,8,10038,5.684341886080802e-14,100540,7,4.325
CMAES_IPOP,3,10,9,10039,5.684341886080802e-14,100580,7,4.399
CMAES_IPOP,3,10,10,10040,0.0,100380,7,4.219
CMAES_IPOP,3,10,11,10041,5.684341886080802e-14,100410,7,4.584
CMAES_IPOP,3,10,12,10042,0.0,100400,7,4.919
CMAES_IPOP,3,10,13,10043,0.0,100580,7,5.323
CMAES_IPOP,3,10,14,10044,0.0,100210,7,4.286
CMAES_IPOP,3,10,15,10045,0.0,100170,7,3.975
CMAES_IPOP,3,10,16,10046,5.684341886080802e-14,100190,7,4.056
CMAES_IPOP,3,10,17,10047,5.684341886080802e-14,100090,7,4.011
CMAES_IPOP,3,10,18,10048,0.0,100350,7,4.94
CMAES_IPOP,3,10,19,10049,0.0,100100,7,4.599
CMAES_IPOP,3,10,20,10050,0.0,100200,7,4.359
CMAES_IPOP,3,10,21,10051,0.0,100460,7,4.143
CMAES_IPOP,3,10,22,10052,0.0,100210,7,4.741
CMAES_IPOP,3,10,23,10053,0.0,100300,6,4.755
CMAES_IPOP,3,10,24,10054,5.684341886080802e-14,100100,6,4.996
CMAES_IPOP,3,10,25,10055,0.0,100200,7,4.89
CMAES_IPOP,3,10,26,10056,0.0,100040,7,4.171
CMAES_IPOP,3,10,27,10057,0.0,100190,6,5.173
CMAES_IPOP,3,10,28,10058,5.684341886080802e-14,100170,7,4.596
CMAES_IPOP,3,10,29,10059,0.0,100100,7,4.999
CMAES_IPOP,3,10,30,10060,5.684341886080802e-14,100390,7,4.268
CMAES_IPOP,3,10,31,10061,5.684341886080802e-14,100270,7,4.556
CMAES_IPOP,3,10,32,10062,0.0,100000,7,4.889
CMAES_IPOP,3,10,33,10063,5.684341886080802e-14,100520,7,3.945
CMAES_IPOP,3,10,34,10064,0.0,100040,7,4.487
CMAES_IPOP,3,10,35,10065,0.0,100160,7,4.975
CMAES_IPOP,3,10,36,10066,5.684341886080802e-14,100360,7,5.008
CMAES_IPOP,3,10,37,10067,0.0,100270,7,4.048
CMAES_IPOP,3,10,38,10068,0.0,100550,7,4.77
CMAES_IPOP,3,10,39,10069,0.0,100470,7,4.84
CMAES_IPOP,3,10,40,10070,5.684341886080802e-14,100260,7,4.255
CMAES_IPOP,3,10,41,10071,0.0,100020,7,4.814
CMAES_IPOP,3,10,42,10072,0.0,100360,7,5.32
CMAES_IPOP,3,10,43,10073,0.0,100600,7,4.405
CMAES_IPOP,3,10,44,10074,0.0,100080,7,5.256
CMAES_IPOP,3,10,45,10075,0.0,100320,7,4.548
CMAES_IPOP,3,10,46,10076,0.0,100150,7,4.329
CMAES_IPOP,3,10,47,10077,0.0,100630,7,4.276
CMAES_IPOP,3,10,48,10078,0.0,100230,7,4.33
CMAES_IPOP,3,10,49,10079,0.0,100490,7,4.242
CMAES_IPOP,3,10,50,10080,5.684341886080802e-14,100130,7,3.873
CMAES_IPOP,4,10,0,10040,0.0,100040,6,5.72
CMAES_IPOP,4,10,1,10041,5.684341886080802e-14,100170,6,5.362
CMAES_IPOP,4,10,2,10042,5.684341886080802e-14,100220,6,5.748
CMAES_IPOP,4,10,3,10043,0.0,100090,6,4.819
CMAES_IPOP,4,10,4,10044,5.684341886080802e-14,100310,6,5.238
CMAES_IPOP,4,10,5,10045,5.684341886080802e-14,100160,6,4.71
CMAES_IPOP,4,10,6,10046,0.0,100180,6,4.771
CMAES_IPOP,4,10,7,10047,0.0,100030,6,4.826
CMAES_IPOP,4,10,8,10048,0.0,100010,6,4.787
CMAES_IPOP,4,10,9,10049,0.0,100080,6,5.188
CMAES_IPOP,4,10,10,10050,0.0,100120,6,5.355
CMAES_IPOP,4,10,11,10051,5.684341886080802e-14,100050,6,5.342
CMAES_IPOP,4,10,12,10052,0.0,100150,6,5.182
CMAES_IPOP,4,10,13,10053,0.0,100230,6,5.051
CMAES_IPOP,4,10,14,10054,0.0,100160,6,5.578
CMAES_IPOP,4,10,15,10055,0.0,100190,6,5.272
CMAES_IPOP,4,10,16,10056,5.684341886080802e-14,100300,6,5.254
CMAES_IPOP,4,10,17,10057,0.0,100070,6,5.322
CMAES_IPOP,4,10,18,10058,0.0,100300,6,5.165
CMAES_IPOP,4,10,19,10059,0.0,100230,6,5.158
CMAES_IPOP,4,10,20,10060,0.0,100110,6,5.649
CMAES_IPOP,4,10,21,10061,0.0,100310,6,5.424
CMAES_IPOP,4,10,22,10062,0.0,100230,6,4.838
CMAES_IPOP,4,10,23,10063,0.0,100180,6,4.968
CMAES_IPOP,4,10,24,10064,0.0,100010,6,5.462
CMAES_IPOP,4,10,25,10065,5.684341886080802e-14,100030,6,4.822
CMAES_IPOP,4,10,26,10066,0.0,100090,6,4.922
CMAES_IPOP,4,10,27,10067,0.0,100160,6,5.009
CMAES_IPOP,4,10,28,10068,0.0,100250,6,4.844
CMAES_IPOP,4,10,29,10069,0.0,100050,6,4.677
CMAES_IPOP,4,10,30,10070,0.0,100200,6,4.854
CMAES_IPOP,4,10,31,10071,0.0,100090,6,5.19
CMAES_IPOP,4,10,32,10072,5.684341886080802e-14,100160,6,5.525
CMAES_IPOP,4,10,33,10073,0.0,100200,6,4.637
CMAES_IPOP,4,10,34,10074,0.0,100230,6,4.942
CMAES_IPOP,4,10,35,10075,0.0,100060,6,5.122
CMAES_IPOP,4,10,36,10076,0.0,100080,6,4.986
CMAES_IPOP,4,10,37,10077,0.0,100240,6,5.095
CMAES_IPOP,4,10,38,10078,0.0,100250,6,5.123
CMAES_IPOP,4,10,39,10079,5.684341886080802e-14,100140,6,5.202
CMAES_IPOP,4,10,40,10080,0.0,100000,6,5.542
CMAES_IPOP,4,10,41,10081,5.684341886080802e-14,100110,6,5.149
CMAES_IPOP,4,10,42,10082,0.0,100250,6,4.98
CMAES_IPOP,4,10,43,10083,0.0,100060,6,5.203
CMAES_IPOP,4,10,44,10084,0.0,100150,6,5.347
CMAES_IPOP,4,10,45,10085,5.684341886080802e-14,100260,6,5.159
CMAES_IPOP,4,10,46,10086,5.684341886080802e-14,100050,6,4.782
CMAES_IPOP,4,10,47,10087,5.684341886080802e-14,100080,6,5.067
CMAES_IPOP,4,10,48,10088,0.0,100200,6,4.913
CMAES_IPOP,4,10,49,10089,5.684341886080802e-14,100300,6,5.216
CMAES_IPOP,4,10,50,10090,0.0,100310,6,4.514
CMAES_IPOP,5,10,0,10050,0.9949590570935811,100040,6,4.651
CMAES_IPOP,5,10,1,10051,0.9949590570936948,100200,6,5.049
CMAES_IPOP,5,10,2,10052,0.9949590570938653,100070,6,4.98
CMAES_IPOP,5,10,3,10053,0.9949590570936948,100140,6,4.825
CMAES_IPOP,5,10,4,10054,2.984877171280459,100080,6,5.218
CMAES_IPOP,5,10,5,10055,2.984877171280118,100110,6,5.179
CMAES_IPOP,5,10,6,10056,2.9848771712800612,100060,6,4.773
CMAES_IPOP,5,10,7,10057,2.9848771712802318,100020,6,5.321
CMAES_IPOP,5,10,8,10058,3.9798362283735855,100070,6,4.839
CMAES_IPOP,5,10,9,10059,1.9899181141869917,100230,6,4.953
CMAES_IPOP,5,10,10,10060,2.984877171280459,100250,6,5.231
CMAES_IPOP,5,10,11,10061,3.9798362283736424,100070,6,6.066
CMAES_IPOP,5,10,12,10062,0.9949590570936948,100200,6,5.78
CMAES_IPOP,5,10,13,10063,1.9899181141867643,100140,6,5.354
CMAES_IPOP,5,10,14,10064,2.984877171280175,100240,6,5.359
CMAES_IPOP,5,10,15,10065,3.410605131648481e-13,100210,6,5.553
CMAES_IPOP,5,10,16,10066,0.9949590570938085,100120,6,5.277
CMAES_IPOP,5,10,17,10067,2.641501133009342,100100,6,4.954
CMAES_IPOP,5,10,18,10068,1.989918114186878,100040,6,4.787
CMAES_IPOP,5,10,19,10069,0.9949590570940927,100130,6,5.283
CMAES_IPOP,5,10,20,10070,1.9899181141871054,100190,6,5.583
CMAES_IPOP,5,10,21,10071,0.9949590570937517,100030,6,5.067
CMAES_IPOP,5,10,22,10072,1.9899181141874465,100220,6,4.723
CMAES_IPOP,5,10,23,10073,1.9899181141869349,100030,6,5.05
CMAES_IPOP,5,10,24,10074,0.9949590570939222,100260,6,4.905
CMAES_IPOP,5,10,25,10075,1.462931082384216,100230,6,4.667
CMAES_IPOP,5,10,26,10076,2.9848771712800044,100150,6,5.316
CMAES_IPOP,5,10,27,10077,0.9949590570938085,100300,6,5.12
CMAES_IPOP,5,10,28,10078,1.9899181141871622,100080,6,5.183
CMAES_IPOP,5,10,29,10079,2.984877171280118,100270,6,5.041
CMAES_IPOP,5,10,30,10080,2.9848771712802318,100230,6,5.624
CMAES_IPOP,5,10,31,10081,2.984877171280175,100270,6,4.859
CMAES_IPOP,5,10,32,10082,6.821210263296962e-13,100240,6,5.044
CMAES_IPOP,5,10,33,10083,2.2737367544323206e-13,100230,6,5.035
CMAES_IPOP,5,10,34,10084,1.989918114186878,100070,6,5.354
CMAES_IPOP,5,10,35,10085,0.9949590570935811,100010,6,4.985
CMAES_IPOP,5,10,36,10086,0.9949590570935243,100210,6,5.11
CMAES_IPOP,5,10,37,10087,3.9798362283736424,100200,6,4.868
CMAES_IPOP,5,10,38,10088,2.984877171280118,100210,6,5.539
CMAES_IPOP,5,10,39,10089,3.979039320256561e-13,100030,6,4.748
CMAES_IPOP,5,10,40,10090,0.9949590570938085,100280,6,5.409
CMAES_IPOP,5,10,41,10091,0.9949590570937517,100100,6,5.072
CMAES_IPOP,5,10,42,10092,0.9949590570935811,100230,6,5.098
CMAES_IPOP,5,10,43,10093,3.9326511650250495,100080,6,4.99
CMAES_IPOP,5,10,44,10094,3.9798362283736424,100140,6,6.052
CMAES_IPOP,5,10,45,10095,2.984877171280118,100080,6,6.735
CMAES_IPOP,5,10,46,10096,1.989918114187276,100190,6,5.06
CMAES_IPOP,5,10,47,10097,4.547473508864641e-13,100050,6,5.532
CMAES_IPOP,5,10,48,10098,1.234682167678102,100000,6,5.16
CMAES_IPOP,5,10,49,10099,0.9949590570935811,100310,6,5.209
CMAES_IPOP,5,10,50,10100,2.9848771712798907,100180,6,5.465
CMAES_IPOP,6,10,0,10060,3.296918293926865e-12,100060,5,5.14
CMAES_IPOP,6,10,1,10061,4.888534022029489e-12,100150,5,4.667
CMAES_IPOP,6,10,2,10062,1.8189894035458565e-12,100200,6,5.103
CMAES_IPOP,6,10,3,10063,1.5916157281026244e-12,100070,5,5.434
CMAES_IPOP,6,10,4,10064,3.183231456205249e-12,100110,5,5.227
CMAES_IPOP,6,10,5,10065,2.8421709430404007e-12,100070,5,5.105
CMAES_IPOP,6,10,6,10066,2.7284841053187847e-12,100020,5,5.476
CMAES_IPOP,6,10,7,10067,3.183231456205249e-12,100020,5,5.099
CMAES_IPOP,6,10,8,10068,2.7284841053187847e-12,100010,5,4.957
CMAES_IPOP,6,10,9,10069,2.7284841053187847e-12,100130,5,5.784
CMAES_IPOP,6,10,10,10070,2.7284841053187847e-12,100100,5,5.74
CMAES_IPOP,6,10,11,10071,2.7284841053187847e-12,100020,5,6.119
CMAES_IPOP,6,10,12,10072,2.9558577807620168e-12,100120,5,5.297
CMAES_IPOP,6,10,13,10073,3.069544618483633e-12,100100,5,5.169
CMAES_IPOP,6,10,14,10074,3.183231456205249e-12,100060,5,4.966
CMAES_IPOP,6,10,15,10075,2.5011104298755527e-12,100040,5,4.546
CMAES_IPOP,6,10,16,10076,2.1600499167107046e-12,100080,5,5.415
CMAES_IPOP,6,10,17,10077,3.183231456205249e-12,100040,5,5.55
CMAES_IPOP,6,10,18,10078,4.206412995699793e-12,100070,5,5.088
CMAES_IPOP,6,10,19,10079,3.069544618483633e-12,100150,5,5.329
CMAES_IPOP,6,10,20,10080,3.410605131648481e-12,100050,5,4.626
CMAES_IPOP,6,10,21,10081,2.5011104298755527e-12,100110,5,4.483
CMAES_IPOP,6,10,22,10082,3.296918293926865e-12,100030,5,4.989
CMAES_IPOP,6,10,23,10083,2.6147972675971687e-12,100140,5,5.058
CMAES_IPOP,6,10,24,10084,2.3874235921539366e-12,100010,5,6.002
CMAES_IPOP,6,10,25,10085,2.7284841053187847e-12,100020,5,5.895
CMAES_IPOP,6,10,26,10086,3.183231456205249e-12,100050,5,4.943
CMAES_IPOP,6,10,27,10087,2.8421709430404007e-12,100040,5,5.857
CMAES_IPOP,6,10,28,10088,2.5011104298755527e-12,100150,5,5.817
CMAES_IPOP,6,10,29,10089,2.7284841053187847e-12,100010,5,5.494
CMAES_IPOP,6,10,30,10090,2.2737367544323206e-12,100000,6,4.968
CMAES_IPOP,6,10,31,10091,3.069544618483633e-12,100150,5,5.208
CMAES_IPOP,6,10,32,10092,3.183231456205249e-12,100030,5,5.295
CMAES_IPOP,6,10,33,10093,2.3874235921539366e-12,100000,6,4.937
CMAES_IPOP,6,10,34,10094,2.5011104298755527e-12,100000,5,4.979
CMAES_IPOP,6,10,35,10095,2.2737367544323206e-12,100040,5,4.765
CMAES_IPOP,6,10,36,10096,2.9558577807620168e-12,100010,5,5.393
CMAES_IPOP,6,10,37,10097,2.6147972675971687e-12,100000,5,5.646
CMAES_IPOP,6,10,38,10098,2.5011104298755527e-12,100250,6,5.578
CMAES_IPOP,6,10,39,10099,2.6147972675971687e-12,100150,5,5.637
CMAES_IPOP,6,10,40,10100,2.5011104298755527e-12,100020,5,5.258
CMAES_IPOP,6,10,41,10101,2.7284841053187847e-12,100040,5,5.052
CMAES_IPOP,6,10,42,10102,1.5916157281026244e-12,100000,5,4.863
CMAES_IPOP,6,10,43,10103,2.0463630789890885e-12,100150,5,5.506
CMAES_IPOP,6,10,44,10104,2.8421709430404007e-12,100100,5,5.803
CMAES_IPOP,6,10,45,10105,3.183231456205249e-12,100120,5,4.659
CMAES_IPOP,6,10,46,10106,3.069544618483633e-12,100130,5,5.266
CMAES_IPOP,6,10,47,10107,3.410605131648481e-12,100080,5,4.645
CMAES_IPOP,6,10,48,10108,2.7284841053187847e-12,100110,5,5.297
CMAES_IPOP,6,10,49,10109,2.8421709430404007e-12,100110,5,4.795
CMAES_IPOP,6,10,50,10110,1.8189894035458565e-12,100000,5,4.828
CMAES_IPOP,7,10,0,10070,11.26062206945062,100070,6,4.858
CMAES_IPOP,7,10,1,10071,7.619062419535908,100300,6,5.203
CMAES_IPOP,7,10,2,10072,11.979733308537106,100260,6,4.843
CMAES_IPOP,7,10,3,10073,11.744347803916526,100230,6,4.341
CMAES_IPOP,7,10,4,10074,12.126659611385662,100030,6,4.603
CMAES_IPOP,7,10,5,10075,10.46364892696215,100220,6,4.124
CMAES_IPOP,7,10,6,10076,10.461339644201416,100140,6,4.294
CMAES_IPOP,7,10,7,10077,10.46133964420153,100080,6,4.636
CMAES_IPOP,7,10,8,10078,11.407492795093958,100300,6,4.197
CMAES_IPOP,7,10,9,10079,4.597343388618924,100280,6,4.098
CMAES_IPOP,7,10,10,10080,10.461339644201303,100230,6,4.435
CMAES_IPOP,7,10,11,10081,11.658693607895884,100260,6,4.273
CMAES_IPOP,7,10,12,10082,10.963899902006801,100230,6,4.523
CMAES_IPOP,7,10,13,10083,10.955172997022146,100180,6,4.077
CMAES_IPOP,7,10,14,10084,10.76343569331243,100100,6,4.826
CMAES_IPOP,7,10,15,10085,11.027973185701512,100220,6,4.606
CMAES_IPOP,7,10,16,10086,11.35581087039077,100240,6,4.294
CMAES_IPOP,7,10,17,10087,10.366920772420599,100020,6,4.721
CMAES_IPOP,7,10,18,10088,11.663718244154893,100280,6,3.977
CMAES_IPOP,7,10,19,10089,10.658450829578214,100060,6,4.0
CMAES_IPOP,7,10,20,10090,1.786154088695639,100030,6,4.41
CMAES_IPOP,7,10,21,10091,10.793334988468814,100070,6,4.597
CMAES_IPOP,7,10,22,10092,4.954092060306266,100090,6,4.222
CMAES_IPOP,7,10,23,10093,11.245655262510127,100270,6,4.53
CMAES_IPOP,7,10,24,10094,2.4993041032902283,100040,6,4.19
CMAES_IPOP,7,10,25,10095,10.7224815723024,100220,6,4.081
CMAES_IPOP,7,10,26,10096,10.659197457508526,100030,6,4.049
CMAES_IPOP,7,10,27,10097,11.299120013280572,100130,6,4.508
CMAES_IPOP,7,10,28,10098,10.919592757679084,100020,6,4.782
CMAES_IPOP,7,10,29,10099,10.746448028022087,100100,6,4.769
CMAES_IPOP,7,10,30,10100,1.5255379650837995,100290,6,4.647
CMAES_IPOP,7,10,31,10101,11.7437045963444,100040,6,4.361
CMAES_IPOP,7,10,32,10102,10.986718248807392,100050,6,4.636
CMAES_IPOP,7,10,33,10103,10.907243816635173,100000,6,4.912
CMAES_IPOP,7,10,34,10104,11.5624591611072,100260,6,4.997
CMAES_IPOP,7,10,35,10105,11.11182606552893,100000,6,4.197
CMAES_IPOP,7,10,36,10106,10.72587713659027,100050,6,3.979
CMAES_IPOP,7,10,37,10107,11.573190317007061,100290,6,4.155
CMAES_IPOP,7,10,38,10108,10.435888143206284,100150,6,4.534
CMAES_IPOP,7,10,39,10109,11.755026324021173,100230,6,4.393
CMAES_IPOP,7,10,40,10110,11.932146681176846,100060,6,3.865
CMAES_IPOP,7,10,41,10111,10.794844507376297,100290,6,4.17
CMAES_IPOP,7,10,42,10112,11.194701927706774,100090,6,5.206
CMAES_IPOP,7,10,43,10113,11.811950820540574,100270,6,4.404
CMAES_IPOP,7,10,44,10114,12.057464899866204,100200,6,3.758
CMAES_IPOP,7,10,45,10115,10.652029156241838,100000,6,4.782
CMAES_IPOP,7,10,46,10116,11.34207713938008,100160,6,4.817
CMAES_IPOP,7,10,47,10117,12.013280440120297,100010,6,4.941
CMAES_IPOP,7,10,48,10118,0.6289702258773104,100040,6,3.954
CMAES_IPOP,7,10,49,10119,11.010985520411737,100160,6,4.44
CMAES_IPOP,7,10,50,10120,11.615966452848284,100130,6,4.444
CMAES_IPOP,8,10,0,10080,5.684341886080801e-13,100090,6,4.764
CMAES_IPOP,8,10,1,10081,1.9899181141865938,100070,6,4.449
CMAES_IPOP,8,10,2,10082,2.9848771712803455,100150,6,4.544
CMAES_IPOP,8,10,3,10083,0.994959057093979,100060,6,4.106
CMAES_IPOP,8,10,4,10084,1.9899181141869349,100230,6,4.61
CMAES_IPOP,8,10,5,10085,0.13060253123376242,100220,6,5.379
CMAES_IPOP,8,10,6,10086,4.992756998944969e-06,100160,6,5.266
CMAES_IPOP,8,10,7,10087,1.9899181141871622,100200,6,5.294
CMAES_IPOP,8,10,8,10088,0.9973717848746446,100250,6,5.325
CMAES_IPOP,8,10,9,10089,1.9333087607265043e-05,100180,6,4.96
CMAES_IPOP,8,10,10,10090,5.684341886080801e-13,100280,6,4.446
CMAES_IPOP,8,10,11,10091,2.984877171280573,100300,6,4.563
CMAES_IPOP,8,10,12,10092,0.994959057093638,100280,6,4.576
CMAES_IPOP,8,10,13,10093,0.994959057093638,100170,6,4.76
CMAES_IPOP,8,10,14,10094,3.410605131648481e-13,100160,6,5.147
CMAES_IPOP,8,10,15,10095,0.9949590570935243,100100,6,4.494
CMAES_IPOP,8,10,16,10096,9.033954449932935e-05,100090,6,4.685
CMAES_IPOP,8,10,17,10097,1.9899181141868212,100120,6,5.341
CMAES_IPOP,8,10,18,10098,1.1368683772161603e-13,100240,6,4.968
CMAES_IPOP,8,10,19,10099,3.410605131648481e-13,100270,6,4.129
CMAES_IPOP,8,10,20,10100,0.9949590570934106,100100,6,4.561
CMAES_IPOP,8,10,21,10101,4.547473508864641e-13,100030,6,4.723
CMAES_IPOP,8,10,22,10102,1.9899181141870486,100300,6,4.573
CMAES_IPOP,8,10,23,10103,7.958078640513122e-13,100160,6,4.769
CMAES_IPOP,8,10,24,10104,2.2737367544323206e-13,100130,6,4.804
CMAES_IPOP,8,10,25,10105,0.994959057093638,100140,6,4.418
CMAES_IPOP,8,10,26,10106,1.9899181141869349,100180,6,4.588
CMAES_IPOP,8,10,27,10107,0.9953486397733968,100140,6,4.821
CMAES_IPOP,8,10,28,10108,3.410605131648481e-13,100100,6,4.418
CMAES_IPOP,8,10,29,10109,9.770688620847068e-06,100030,6,5.024
CMAES_IPOP,8,10,30,10110,0.509610990114993,100010,6,5.054
CMAES_IPOP,8,10,31,10111,2.2737367544323206e-13,100140,6,4.122
CMAES_IPOP,8,10,32,10112,8.683346152338345e-05,100010,6,4.948
CMAES_IPOP,8,10,33,10113,0.9949590570935243,100310,6,4.459
CMAES_IPOP,8,10,34,10114,2.984877171280118,100180,6,4.364
CMAES_IPOP,8,10,35,10115,4.547473508864641e-13,100020,6,4.525
CMAES_IPOP,8,10,36,10116,6.821210263296962e-13,100200,6,4.783
CMAES_IPOP,8,10,37,10117,6.821210263296962e-13,100240,6,4.996
CMAES_IPOP,8,10,38,10118,0.9949607486460081,100150,6,5.199
CMAES_IPOP,8,10,39,10119,4.547473508864641e-13,100100,6,4.31
CMAES_IPOP,8,10,40,10120,3.410605131648481e-13,100280,6,4.784
CMAES_IPOP,8,10,41,10121,0.9949590570938653,100200,6,4.787
CMAES_IPOP,8,10,42,10122,1.9899181141868212,100230,6,4.776
CMAES_IPOP,8,10,43,10123,2.2737367544323206e-13,100180,6,4.508
CMAES_IPOP,8,10,44,10124,0.994959057093638,100300,6,5.026
CMAES_IPOP,8,10,45,10125,1.9899181141871622,100280,6,4.842
CMAES_IPOP,8,10,46,10126,0.0003570524954739085,100060,6,4.135
CMAES_IPOP,8,10,47,10127,1.9899181141870486,100000,6,4.207
CMAES_IPOP,8,10,48,10128,9.581325457475032e-07,100210,6,5.019
CMAES_IPOP,8,10,49,10129,8.072447599261068e-09,100010,6,4.237
CMAES_IPOP,8,10,50,10130,1.9899181141868212,100030,6,4.673
CMAES_IPOP,9,10,0,10090,1.1368683772161603e-13,100610,7,4.706
CMAES_IPOP,9,10,1,10091,0.0,100590,7,4.334
CMAES_IPOP,9,10,2,10092,1.1368683772161603e-13,100030,7,4.426
CMAES_IPOP,9,10,3,10093,0.0,100210,7,4.402
CMAES_IPOP,9,10,4,10094,1.1368683772161603e-13,100560,7,4.142
CMAES_IPOP,9,10,5,10095,1.1368683772161603e-13,100600,7,4.609
CMAES_IPOP,9,10,6,10096,0.0,100330,7,4.027
CMAES_IPOP,9,10,7,10097,1.1368683772161603e-13,100340,7,4.653
CMAES_IPOP,9,10,8,10098,0.0,100060,7,4.325
CMAES_IPOP,9,10,9,10099,0.0,100480,7,4.437
CMAES_IPOP,9,10,10,10100,0.0,100480,7,4.9
CMAES_IPOP,9,10,11,10101,0.0,100120,7,4.83
CMAES_IPOP,9,10,12,10102,1.1368683772161603e-13,100230,7,4.091
CMAES_IPOP,9,10,13,10103,1.1368683772161603e-13,100410,7,4.349
CMAES_IPOP,9,10,14,10104,0.0,100030,7,4.465
CMAES_IPOP,9,10,15,10105,0.0,100590,7,4.628
CMAES_IPOP,9,10,16,10106,0.0,100070,7,4.937
CMAES_IPOP,9,10,17,10107,1.1368683772161603e-13,100370,7,4.838
CMAES_IPOP,9,10,18,10108,1.1368683772161603e-13,100310,7,4.482
CMAES_IPOP,9,10,19,10109,0.0,100450,7,4.08
CMAES_IPOP,9,10,20,10110,0.0,100100,7,4.216
CMAES_IPOP,9,10,21,10111,0.0,100460,7,4.085
CMAES_IPOP,9,10,22,10112,0.0,100590,7,4.386
CMAES_IPOP,9,10,23,10113,0.0,100050,7,4.884
CMAES_IPOP,9,10,24,10114,0.0,100580,7,4.554
CMAES_IPOP,9,10,25,10115,0.0,100020,7,4.894
CMAES_IPOP,9,10,26,10116,0.0,100610,7,4.341
CMAES_IPOP,9,10,27,10117,1.1368683772161603e-13,100310,7,4.899
CMAES_IPOP,9,10,28,10118,0.0,100080,7,4.866
CMAES_IPOP,9,10,29,10119,0.0,100550,7,4.364
CMAES_IPOP,9,10,30,10120,0.0,100420,7,4.591
CMAES_IPOP,9,10,31,10121,0.0,100200,7,4.541
CMAES_IPOP,9,10,32,10122,0.0,100120,7,4.874
CMAES_IPOP,9,10,33,10123,1.1368683772161603e-13,100610,7,4.893
CMAES_IPOP,9,10,34,10124,1.1368683772161603e-13,100050,7,4.567
CMAES_IPOP,9,10,35,10125,0.0,100350,7,4.25
CMAES_IPOP,9,10,36,10126,0.0,100190,7,4.035
CMAES_IPOP,9,10,37,10127,0.0,100440,7,4.477
CMAES_IPOP,9,10,38,10128,0.0,100100,7,3.988
CMAES_IPOP,9,10,39,10129,0.0,100230,7,4.235
CMAES_IPOP,9,10,40,10130,1.1368683772161603e-13,100430,7,4.289
CMAES_IPOP,9,10,41,10131,1.1368683772161603e-13,100600,7,6.313
CMAES_IPOP,9,10,42,10132,0.0,100470,7,5.3
CMAES_IPOP,9,10,43,10133,0.0,100190,7,4.358
CMAES_IPOP,9,10,44,10134,0.0,100300,7,5.249
CMAES_IPOP,9,10,45,10135,0.0,100340,7,4.415
CMAES_IPOP,9,10,46,10136,1.1368683772161603e-13,100600,7,4.021
CMAES_IPOP,9,10,47,10137,1.1368683772161603e-13,100210,7,4.167
CMAES_IPOP,9,10,48,10138,1.1368683772161603e-13,100180,7,4.864
CMAES_IPOP,9,10,49,10139,1.1368683772161603e-13,100570,7,5.944
CMAES_IPOP,9,10,50,10140,1.1368683772161603e-13,100110,7,4.373
CMAES_IPOP,10,10,0,10100,18.53453767256724,100030,6,5.129
CMAES_IPOP,10,10,1,10101,30.1865984096612,100250,6,5.845
CMAES_IPOP,10,10,2,10102,7.017284698500589,100230,6,8.119
CMAES_IPOP,10,10,3,10103,3.477415128731991,100270,6,5.171
CMAES_IPOP,10,10,4,10104,145.59000667670443,100100,6,5.714
CMAES_IPOP,10,10,5,10105,11.95443406133927,100240,6,5.085
CMAES_IPOP,10,10,6,10106,31.886251544467996,100250,6,5.286
CMAES_IPOP,10,10,7,10107,10.369790945153909,100260,6,5.427
CMAES_IPOP,10,10,8,10108,150.26166623216113,100010,6,5.104
CMAES_IPOP,10,10,9,10109,6.954830257462163,100270,6,5.511
CMAES_IPOP,10,10,10,10110,13.659842750767893,100050,6,6.067
CMAES_IPOP,10,10,11,10111,18.409628790489478,100030,6,5.116
CMAES_IPOP,10,10,12,10112,6.892375816423737,100240,6,5.345
CMAES_IPOP,10,10,13,10113,7.079739139539015,100000,6,5.368
CMAES_IPOP,10,10,14,10114,6.8923758164228275,100300,6,5.267
CMAES_IPOP,10,10,15,10115,6.954830257462163,100070,6,5.322
CMAES_IPOP,10,10,16,10116,33.60155909735204,100290,6,5.435
CMAES_IPOP,10,10,17,10117,11.8295251792606,100020,6,5.403
CMAES_IPOP,10,10,18,10118,3.602324010808843,100070,6,6.127
CMAES_IPOP,10,10,19,10119,7.0797391395399245,100150,6,5.443
CMAES_IPOP,10,10,20,10120,18.53453767256724,100040,6,5.642
CMAES_IPOP,10,10,21,10121,27.02145548612407,100030,6,5.547
CMAES_IPOP,10,10,22,10122,18.53453767256724,100160,6,6.053
CMAES_IPOP,10,10,23,10123,10.244882063076147,100220,6,6.091
CMAES_IPOP,10,10,24,10124,21.88704391921965,100030,6,5.457
CMAES_IPOP,10,10,25,10125,30.176699528710742,100080,5,5.659
CMAES_IPOP,10,10,26,10126,18.409628790489478,100170,6,5.0
CMAES_IPOP,10,10,27,10127,22.01195280129741,100080,6,5.749
CMAES_IPOP,10,10,28,10128,138.0358027941752,100260,6,5.811
CMAES_IPOP,10,10,29,10129,10.307336504114573,100220,6,5.944
CMAES_IPOP,10,10,30,10130,3.727232892885695,100170,6,5.683
CMAES_IPOP,10,10,31,10131,18.472083231527904,100170,6,5.549
CMAES_IPOP,10,10,32,10132,10.307336504114573,100110,6,6.365
CMAES_IPOP,10,10,33,10133,3.7272328928866045,100150,6,5.778
CMAES_IPOP,10,10,34,10134,7.0797391395399245,100150,6,5.846
CMAES_IPOP,10,10,35,10135,10.182427622037721,100080,6,5.836
CMAES_IPOP,10,10,36,10136,7.0797391395399245,100300,6,5.681
CMAES_IPOP,10,10,37,10137,18.472083231527904,100230,6,5.938
CMAES_IPOP,10,10,38,10138,7.079739139539015,100010,6,5.648
CMAES_IPOP,10,10,39,10139,15.18203142591392,100300,6,7.436
CMAES_IPOP,10,10,40,10140,3.664778451847269,100050,6,5.515
CMAES_IPOP,10,10,41,10141,6.9548302574612535,100030,6,5.705
CMAES_IPOP,10,10,42,10142,3.4149606876926555,100180,6,5.136
CMAES_IPOP,10,10,43,10143,3.6647784518481785,100040,6,5.851
CMAES_IPOP,10,10,44,10144,18.659446554645,100110,6,4.821
CMAES_IPOP,10,10,45,10145,3.7896873339250305,100310,6,4.923
CMAES_IPOP,10,10,46,10146,6.829921375385311,100170,6,5.427
CMAES_IPOP,10,10,47,10147,7.0797391395399245,100020,6,5.788
CMAES_IPOP,10,10,48,10148,25.177095724833634,100070,6,5.829
CMAES_IPOP,10,10,49,10149,7.0797391395399245,100130,6,5.381
CMAES_IPOP,10,10,50,10150,3.727232892885695,100290,6,5.056
CMAES_IPOP,11,10,0,10110,2.2737367544323206e-13,100300,6,5.586
CMAES_IPOP,11,10,1,10111,2.2737367544323206e-13,100120,6,5.637
CMAES_IPOP,11,10,2,10112,2.2737367544323206e-13,100130,6,5.264
CMAES_IPOP,11,10,3,10113,4.547473508864641e-13,100240,6,5.245
CMAES_IPOP,11,10,4,10114,2.2737367544323206e-13,100250,6,5.391
CMAES_IPOP,11,10,5,10115,2.2737367544323206e-13,100170,6,5.249
CMAES_IPOP,11,10,6,10116,2.2737367544323206e-13,100150,6,5.225
CMAES_IPOP,11,10,7,10117,4.547473508864641e-13,100060,6,5.135
CMAES_IPOP,11,10,8,10118,2.2737367544323206e-13,100160,6,5.122
CMAES_IPOP,11,10,9,10119,4.547473508864641e-13,100230,6,5.609
CMAES_IPOP,11,10,10,10120,2.2737367544323206e-13,100160,6,4.977
CMAES_IPOP,11,10,11,10121,2.2737367544323206e-13,100020,6,5.399
CMAES_IPOP,11,10,12,10122,2.2737367544323206e-13,100050,6,5.395
CMAES_IPOP,11,10,13,10123,0.9949590570938653,100270,6,5.442
CMAES_IPOP,11,10,14,10124,2.2737367544323206e-13,100070,6,5.126
CMAES_IPOP,11,10,15,10125,0.9949590570934106,100180,6,5.797
CMAES_IPOP,11,10,16,10126,4.547473508864641e-13,100100,6,5.358
CMAES_IPOP,11,10,17,10127,4.547473508864641e-13,100030,6,5.215
CMAES_IPOP,11,10,18,10128,2.2737367544323206e-13,100260,6,5.692
CMAES_IPOP,11,10,19,10129,2.2737367544323206e-13,100280,6,5.745
CMAES_IPOP,11,10,20,10130,2.2737367544323206e-13,100020,6,6.004
CMAES_IPOP,11,10,21,10131,4.547473508864641e-13,100220,6,5.926
CMAES_IPOP,11,10,22,10132,6.821210263296962e-13,100210,6,5.116
CMAES_IPOP,11,10,23,10133,2.2737367544323206e-13,100250,6,5.568
CMAES_IPOP,11,10,24,10134,2.2737367544323206e-13,100220,6,5.119
CMAES_IPOP,11,10,25,10135,4.547473508864641e-13,100120,6,5.767
CMAES_IPOP,11,10,26,10136,2.2737367544323206e-13,100020,6,5.894
CMAES_IPOP,11,10,27,10137,2.2737367544323206e-13,100250,6,4.86
CMAES_IPOP,11,10,28,10138,4.547473508864641e-13,100020,6,5.112
CMAES_IPOP,11,10,29,10139,4.547473508864641e-13,100050,6,5.048
CMAES_IPOP,11,10,30,10140,2.2737367544323206e-13,100130,6,5.451
CMAES_IPOP,11,10,31,10141,4.547473508864641e-13,100010,6,5.258
CMAES_IPOP,11,10,32,10142,4.547473508864641e-13,100240,6,5.1
CMAES_IPOP,11,10,33,10143,4.547473508864641e-13,100100,6,5.67
CMAES_IPOP,11,10,34,10144,2.2737367544323206e-13,100290,6,5.323
CMAES_IPOP,11,10,35,10145,4.547473508864641e-13,100230,6,5.196
CMAES_IPOP,11,10,36,10146,2.2737367544323206e-13,100020,6,5.118
CMAES_IPOP,11,10,37,10147,4.547473508864641e-13,100100,6,5.595
CMAES_IPOP,11,10,38,10148,2.2737367544323206e-13,100070,6,4.962
CMAES_IPOP,11,10,39,10149,2.2737367544323206e-13,100210,6,5.386
CMAES_IPOP,11,10,40,10150,0.0,100190,6,5.339
CMAES_IPOP,11,10,41,10151,2.2737367544323206e-13,100100,6,4.957
CMAES_IPOP,11,10,42,10152,4.547473508864641e-13,100070,6,5.577
CMAES_IPOP,11,10,43,10153,2.2737367544323206e-13,100310,6,5.218
CMAES_IPOP,11,10,44,10154,2.2737367544323206e-13,100020,6,4.934
CMAES_IPOP,11,10,45,10155,4.547473508864641e-13,100310,6,5.693
CMAES_IPOP,11,10,46,10156,4.547473508864641e-13,100110,6,5.919
CMAES_IPOP,11,10,47,10157,2.2737367544323206e-13,100180,6,5.553
CMAES_IPOP,11,10,48,10158,2.2737367544323206e-13,100000,6,5.533
CMAES_IPOP,11,10,49,10159,2.2737367544323206e-13,100170,6,5.012
CMAES_IPOP,11,10,50,10160,4.547473508864641e-13,100280,6,5.307
CMAES_IPOP,12,10,0,10120,0.2081429846462015,100240,6,5.186
CMAES_IPOP,12,10,1,10121,0.20814298464597414,100090,5,5.965
CMAES_IPOP,12,10,2,10122,0.20814298464597414,100090,5,6.424
CMAES_IPOP,12,10,3,10123,11.589241053465912,100220,6,5.631
CMAES_IPOP,12,10,4,10124,0.20814298464688363,100050,5,5.406
CMAES_IPOP,12,10,5,10125,0.20814298464574676,100170,6,6.051
CMAES_IPOP,12,10,6,10126,108.4456367015257,100030,6,4.79
CMAES_IPOP,12,10,7,10127,0.20814298464642889,100120,5,5.469
CMAES_IPOP,12,10,8,10128,0.20814298464665626,100140,5,5.782
CMAES_IPOP,12,10,9,10129,118.64647759908348,100030,5,5.018
CMAES_IPOP,12,10,10,10130,0.20814298464597414,100190,6,5.52
CMAES_IPOP,12,10,11,10131,131.1189706845903,100070,5,5.486
CMAES_IPOP,12,10,12,10132,120.15415858506094,100030,6,5.454
CMAES_IPOP,12,10,13,10133,0.5690053667551638,100110,5,5.71
CMAES_IPOP,12,10,14,10134,0.2081429846462015,100180,6,5.675
CMAES_IPOP,12,10,15,10135,0.20814369473555416,100140,5,5.814
CMAES_IPOP,12,10,16,10136,0.2081429846462015,100110,5,5.784
CMAES_IPOP,12,10,17,10137,0.4162859692917209,100010,5,5.969
CMAES_IPOP,12,10,18,10138,0.20814300175152312,100140,5,6.23
CMAES_IPOP,12,10,19,10139,157.23836761118946,100240,6,4.986
CMAES_IPOP,12,10,20,10140,0.2081429846462015,100070,5,6.009
CMAES_IPOP,12,10,21,10141,0.20814298464642889,100070,5,5.88
CMAES_IPOP,12,10,22,10142,15.660598803396852,100100,5,6.579
CMAES_IPOP,12,10,23,10143,118.64647759908416,100100,6,5.495
CMAES_IPOP,12,10,24,10144,6.821210263296962e-13,100000,5,5.81
CMAES_IPOP,12,10,25,10145,7.088065506518433,100000,5,8.01
CMAES_IPOP,12,10,26,10146,12.279998334751781,100240,6,5.305
CMAES_IPOP,12,10,27,10147,0.416285969292403,100150,5,5.957
CMAES_IPOP,12,10,28,10148,0.41628596929217565,100120,5,6.218
CMAES_IPOP,12,10,29,10149,0.6244289539372403,100230,6,5.636
CMAES_IPOP,12,10,30,10150,11.381098068820847,100040,5,5.605
CMAES_IPOP,12,10,31,10151,134.64978362063403,100120,5,6.328
CMAES_IPOP,12,10,32,10152,0.2081429846462015,100130,6,5.727
CMAES_IPOP,12,10,33,10153,118.85462058372968,100020,5,6.504
CMAES_IPOP,12,10,34,10154,0.21796702364690645,100000,5,6.175
CMAES_IPOP,12,10,35,10155,0.4162859692917209,100000,5,5.572
CMAES_IPOP,12,10,36,10156,11.589241053466594,100150,5,5.736
CMAES_IPOP,12,10,37,10157,130.91082769994478,100140,5,5.661
CMAES_IPOP,12,10,38,10158,0.20814298464642889,100110,6,6.277
CMAES_IPOP,12,10,39,10159,119.73787261577013,100140,5,5.914
CMAES_IPOP,12,10,40,10160,0.20814298464597414,100080,5,6.069
CMAES_IPOP,12,10,41,10161,0.4770093269091831,100010,5,6.074
CMAES_IPOP,12,10,42,10162,4.547473508864641e-13,100030,5,6.105
CMAES_IPOP,12,10,43,10163,0.41628596929149353,100140,5,5.733
CMAES_IPOP,12,10,44,10164,1.1368683772161603e-12,100120,6,5.772
CMAES_IPOP,12,10,45,10165,119.73787261577036,100110,6,5.675
CMAES_IPOP,12,10,46,10166,0.2081429846462015,100030,5,5.369
CMAES_IPOP,12,10,47,10167,0.6244294287891989,100120,5,5.512
CMAES_IPOP,12,10,48,10168,11.38109806882062,100090,5,5.288
CMAES_IPOP,12,10,49,10169,111.19364199155689,100180,6,5.779
CMAES_IPOP,12,10,50,10170,11.589241053466594,100040,5,6.15
CMAES_IPOP,13,10,0,10130,1.9899181141865938,100060,5,6.128
CMAES_IPOP,13,10,1,10131,2.2737367544323206e-13,100130,5,6.21
CMAES_IPOP,13,10,2,10132,5.0271358632173815,100140,6,6.571
CMAES_IPOP,13,10,3,10133,5.0271358632173815,100120,5,6.677
CMAES_IPOP,13,10,4,10134,5.361061000414793,100030,5,6.568
CMAES_IPOP,13,10,5,10135,5.204126322416414,100020,5,5.953
CMAES_IPOP,13,10,6,10136,5.0271358632173815,100170,6,6.461
CMAES_IPOP,13,10,7,10137,3.1138192545674883,100090,6,6.141
CMAES_IPOP,13,10,8,10138,4.8371369176163626,100000,5,5.943
CMAES_IPOP,13,10,9,10139,4.837136915604333,100020,5,6.387
CMAES_IPOP,13,10,10,10140,5.02716605627711,100110,5,6.583
CMAES_IPOP,13,10,11,10141,4.837136915594783,100060,5,6.55
CMAES_IPOP,13,10,12,10142,5.027135863247395,100020,5,6.471
CMAES_IPOP,13,10,13,10143,5.204126322416641,100100,5,5.434
CMAES_IPOP,13,10,14,10144,5.027135863218746,100030,5,6.454
CMAES_IPOP,13,10,15,10145,4.837136915594783,100030,6,6.999
CMAES_IPOP,13,10,16,10146,1.9899181141868212,100180,6,6.499
CMAES_IPOP,13,10,17,10147,5.027135863217609,100050,5,5.866
CMAES_IPOP,13,10,18,10148,5.394125270039467,100140,5,6.262
CMAES_IPOP,13,10,19,10149,4.837136915594783,100080,5,6.554
CMAES_IPOP,13,10,20,10150,0.9949590570934106,100210,6,7.84
CMAES_IPOP,13,10,21,10151,5.039909778572792,100150,5,7.187
CMAES_IPOP,13,10,22,10152,5.204126322416414,100000,6,6.217
CMAES_IPOP,13,10,23,10153,4.837136915594556,100020,5,7.103
CMAES_IPOP,13,10,24,10154,2.2737367544323206e-13,100070,5,7.992
CMAES_IPOP,13,10,25,10155,5.027135863219883,100100,5,7.212
CMAES_IPOP,13,10,26,10156,4.547473508864641e-13,100030,5,5.878
CMAES_IPOP,13,10,27,10157,5.0271358632173815,100060,6,5.819
CMAES_IPOP,13,10,28,10158,5.027135863278318,100090,5,6.642
CMAES_IPOP,13,10,29,10159,4.83713691560456,100150,5,6.439
CMAES_IPOP,13,10,30,10160,0.9949590570934106,100110,5,6.476
CMAES_IPOP,13,10,31,10161,1.9899181141868212,100070,5,7.239
CMAES_IPOP,13,10,32,10162,6.821210263296962e-13,100150,5,6.501
CMAES_IPOP,13,10,33,10163,5.027135863217154,100120,5,5.912
CMAES_IPOP,13,10,34,10164,1.9899181141865938,100070,5,6.497
CMAES_IPOP,13,10,35,10165,1.9899181141865938,100020,6,6.145
CMAES_IPOP,13,10,36,10166,1.9899181141865938,100120,6,6.354
CMAES_IPOP,13,10,37,10167,4.837136915594783,100120,6,6.445
CMAES_IPOP,13,10,38,10168,5.027135863220565,100060,5,5.869
CMAES_IPOP,13,10,39,10169,2.9848771712800044,100140,5,6.262
CMAES_IPOP,13,10,40,10170,0.994959057093638,100040,5,6.722
CMAES_IPOP,13,10,41,10171,5.027135863226476,100120,5,6.505
CMAES_IPOP,13,10,42,10172,4.837136915594783,100110,5,6.41
CMAES_IPOP,13,10,43,10173,4.837136915595011,100060,5,7.077
CMAES_IPOP,13,10,44,10174,5.204126439580705,100090,5,6.279
CMAES_IPOP,13,10,45,10175,3.1138192545670336,100030,5,6.19
CMAES_IPOP,13,10,46,10176,5.0271358632173815,100120,5,6.063
CMAES_IPOP,13,10,47,10177,5.027135863217609,100070,5,5.939
CMAES_IPOP,13,10,48,10178,5.027135863217609,100150,5,6.627
CMAES_IPOP,13,10,49,10179,1.1368683772161603e-12,100040,5,6.175
CMAES_IPOP,13,10,50,10180,5.774123114463691,100080,6,5.891
CMAES_IPOP,14,10,0,10140,9.094947017729282e-13,100020,5,6.416
CMAES_IPOP,14,10,1,10141,2.9308694138308056e-08,100000,5,6.425
CMAES_IPOP,14,10,2,10142,21.03807021884859,100090,5,7.277
CMAES_IPOP,14,10,3,10143,0.4937653932227022,100060,5,5.539
CMAES_IPOP,14,10,4,10144,2.984877171281596,100100,5,6.71
CMAES_IPOP,14,10,5,10145,2.0463630789890885e-12,100150,5,5.759
CMAES_IPOP,14,10,6,10146,5.7497789384797215e-05,100030,5,6.039
CMAES_IPOP,14,10,7,10147,1.989918114187276,100090,5,6.412
CMAES_IPOP,14,10,8,10148,20.09522766825603,100020,5,5.855
CMAES_IPOP,14,10,9,10149,0.9949590570945475,100000,5,6.361
CMAES_IPOP,14,10,10,10150,1.3642420526593924e-12,100070,5,6.108
CMAES_IPOP,14,10,11,10151,9.094947017729282e-13,100020,5,9.732
CMAES_IPOP,14,10,12,10152,1.5916157281026244e-12,100080,5,6.159
CMAES_IPOP,14,10,13,10153,4.372623152448796e-09,100040,5,6.807
CMAES_IPOP,14,10,14,10154,2.5011104298755527e-12,100110,5,6.659
CMAES_IPOP,14,10,15,10155,0.1070724914186485,100010,4,8.147
CMAES_IPOP,14,10,16,10156,1.0584944028903465,100110,5,6.594
CMAES_IPOP,14,10,17,10157,9.094947017729282e-13,100010,5,6.052
CMAES_IPOP,14,10,18,10158,0.00012371929528853798,100100,5,6.508
CMAES_IPOP,14,10,19,10159,5.122728907736018e-10,100070,5,5.927
CMAES_IPOP,14,10,20,10160,20.016615607065887,100060,5,6.593
CMAES_IPOP,14,10,21,10161,20.0030301142001,100040,4,6.926
CMAES_IPOP,14,10,22,10162,21.011573046854437,100000,5,6.311
CMAES_IPOP,14,10,23,10163,20.003264838810765,100070,4,6.029
CMAES_IPOP,14,10,24,10164,0.9949590570945475,100050,5,6.089
CMAES_IPOP,14,10,25,10165,3.9798454829387993,100010,5,6.102
CMAES_IPOP,14,10,26,10166,2.5011104298755527e-12,100150,5,6.347
CMAES_IPOP,14,10,27,10167,1.5916157281026244e-12,100230,6,6.046
CMAES_IPOP,14,10,28,10168,6.821210263296962e-13,100050,5,6.479
CMAES_IPOP,14,10,29,10169,20.018760136186074,100030,5,6.642
CMAES_IPOP,14,10,30,10170,2.0463630789890885e-12,100130,5,6.399
CMAES_IPOP,14,10,31,10171,1.3642420526593924e-12,100020,5,6.362
CMAES_IPOP,14,10,32,10172,4.0648057898806655,100140,5,5.264
CMAES_IPOP,14,10,33,10173,9.094947017729282e-13,100020,5,6.236
CMAES_IPOP,14,10,34,10174,2.9848771712818234,100090,5,5.983
CMAES_IPOP,14,10,35,10175,9.992409104597755e-07,100130,5,6.78
CMAES_IPOP,14,10,36,10176,9.595169103704393e-11,100060,5,6.484
CMAES_IPOP,14,10,37,10177,19.99998720050712,100090,5,6.915
CMAES_IPOP,14,10,38,10178,9.094947017729282e-13,100030,5,7.424
CMAES_IPOP,14,10,39,10179,1.5916157281026244e-12,100080,5,6.085
CMAES_IPOP,14,10,40,10180,1.9899181141881854,100090,5,5.779
CMAES_IPOP,14,10,41,10181,1.8189894035458565e-12,100020,5,6.442
CMAES_IPOP,14,10,42,10182,0.9949590570947748,100090,5,6.194
CMAES_IPOP,14,10,43,10183,0.007631373999174684,100040,5,5.814
CMAES_IPOP,14,10,44,10184,1.3642420526593924e-12,100080,5,6.114
CMAES_IPOP,14,10,45,10185,0.9949590570943201,100100,5,6.118
CMAES_IPOP,14,10,46,10186,11.89722790716769,100000,5,6.416
CMAES_IPOP,14,10,47,10187,3.979836228374097,100050,5,5.131
CMAES_IPOP,14,10,48,10188,0.0025358330633480364,100030,5,5.925
CMAES_IPOP,14,10,49,10189,1.5916157281026244e-12,100050,5,6.456
CMAES_IPOP,14,10,50,10190,1.5916157281026244e-12,100120,5,6.02
CMAES_IPOP,15,10,0,10150,0.06875025396743695,100060,4,7.339
CMAES_IPOP,15,10,1,10151,0.5000000000004547,100020,5,6.937
CMAES_IPOP,15,10,2,10152,0.11297794923166293,100040,4,7.609
CMAES_IPOP,15,10,3,10153,1.0078580204985883,100060,4,7.949
CMAES_IPOP,15,10,4,10154,0.004860452051161701,100130,5,7.044
CMAES_IPOP,15,10,5,10155,0.5000000000002274,100010,5,6.184
CMAES_IPOP,15,10,6,10156,0.016965442451464696,100040,4,7.024
CMAES_IPOP,15,10,7,10157,1.2901722284946118,100010,3,7.851
CMAES_IPOP,15,10,8,10158,0.08461170821374253,100020,4,6.885
CMAES_IPOP,15,10,9,10159,0.49999997923009687,100110,5,6.789
CMAES_IPOP,15,10,10,10160,0.016087768203078667,100020,4,7.054
CMAES_IPOP,15,10,11,10161,0.13277893847134692,100000,4,7.24
CMAES_IPOP,15,10,12,10162,0.5000000000002274,100070,4,6.705
CMAES_IPOP,15,10,13,10163,1.4949590570938653,100060,4,8.434
CMAES_IPOP,15,10,14,10164,0.34439138918651224,100030,4,7.227
CMAES_IPOP,15,10,15,10165,0.5000000000006821,100050,4,6.896
CMAES_IPOP,15,10,16,10166,0.5555566871666997,100100,5,6.965
CMAES_IPOP,15,10,17,10167,1.835184230003506e-05,100070,4,7.694
CMAES_IPOP,15,10,18,10168,0.1947018974551611,100120,5,6.875
CMAES_IPOP,15,10,19,10169,1.2148903988161237,100010,4,7.833
CMAES_IPOP,15,10,20,10170,0.4999999717438186,100140,5,7.117
CMAES_IPOP,15,10,21,10171,0.05598441732354331,100010,4,7.388
CMAES_IPOP,15,10,22,10172,1.4313706325542626,100030,4,7.325
CMAES_IPOP,15,10,23,10173,0.007711206405929261,100070,5,7.262
CMAES_IPOP,15,10,24,10174,0.4999999994540758,100040,5,7.203
CMAES_IPOP,15,10,25,10175,1.0954977735073044,100010,4,7.438
CMAES_IPOP,15,10,26,10176,1.0481762394592806,100040,4,7.237
CMAES_IPOP,15,10,27,10177,0.5000000000002274,100000,4,7.334
CMAES_IPOP,15,10,28,10178,0.4999999651208782,100070,5,7.59
CMAES_IPOP,15,10,29,10179,0.1487192102906647,100030,4,6.644
CMAES_IPOP,15,10,30,10180,0.5000000000004547,100120,5,6.826
CMAES_IPOP,15,10,31,10181,1.0788038866435272,100130,5,7.268
CMAES_IPOP,15,10,32,10182,0.49999999999090505,100000,5,6.568
CMAES_IPOP,15,10,33,10183,0.5000000000006821,100110,5,7.015
CMAES_IPOP,15,10,34,10184,1.036234839271856,100000,4,7.54
CMAES_IPOP,15,10,35,10185,0.0642410500954611,100030,4,7.302
CMAES_IPOP,15,10,36,10186,0.17998393501329701,100010,3,8.077
CMAES_IPOP,15,10,37,10187,0.004164630668583413,100030,4,6.837
CMAES_IPOP,15,10,38,10188,1.2582773029209875,100030,4,7.767
CMAES_IPOP,15,10,39,10189,0.1633083547762908,100040,4,6.762
CMAES_IPOP,15,10,40,10190,2.1457275273787673,100000,2,10.377
CMAES_IPOP,15,10,41,10191,1.4949590570934106,100030,4,7.223
CMAES_IPOP,15,10,42,10192,0.015905788364307227,100000,5,6.581
CMAES_IPOP,15,10,43,10193,0.4816570893262906,100140,5,6.874
CMAES_IPOP,15,10,44,10194,0.49999999994929567,100000,4,8.371
CMAES_IPOP,15,10,45,10195,0.5000000000011369,100060,5,4.915
CMAES_IPOP,15,10,46,10196,0.05610423769076078,100050,4,5.805
CMAES_IPOP,15,10,47,10197,0.5000000000002274,100110,5,6.003
CMAES_IPOP,15,10,48,10198,0.0349404752907958,100070,4,5.806
CMAES_IPOP,15,10,49,10199,0.4999999920016762,100020,4,6.15
CMAES_IPOP,15,10,50,10200,1.4949590570934106,100060,4,6.202
CMAES_IPOP,16,10,0,10160,0.9355626871447384,100060,4,6.32
CMAES_IPOP,16,10,1,10161,0.7176738905293405,100020,3,6.898
CMAES_IPOP,16,10,2,10162,0.46353664264847794,100040,4,6.051
CMAES_IPOP,16,10,3,10163,0.32766662499943777,100050,4,6.072
CMAES_IPOP,16,10,4,10164,0.2901795652162491,100030,4,6.083
CMAES_IPOP,16,10,5,10165,0.88064788842712,100020,3,6.337
CMAES_IPOP,16,10,6,10166,0.23959474379898893,100050,4,6.51
CMAES_IPOP,16,10,7,10167,0.5173686398632071,100070,4,5.975
CMAES_IPOP,16,10,8,10168,1.3779612702776376,100030,4,5.246
CMAES_IPOP,16,10,9,10169,1.1435447921830928,100060,4,5.672
CMAES_IPOP,16,10,10,10170,1.682117930514778,100000,4,6.723
CMAES_IPOP,16,10,11,10171,1.1358797186496759,100060,4,5.57
CMAES_IPOP,16,10,12,10172,0.999060666513742,100030,4,6.267
CMAES_IPOP,16,10,13,10173,0.7275753935941793,100010,4,6.469
CMAES_IPOP,16,10,14,10174,11.652431335228584,100020,4,6.439
CMAES_IPOP,16,10,15,10175,1.6838981386204068,100000,2,7.723
CMAES_IPOP,16,10,16,10176,0.8054817206952976,100040,4,6.132
CMAES_IPOP,16,10,17,10177,2.9534681003849528,100050,4,5.937
CMAES_IPOP,16,10,18,10178,1.279415479445106,100020,4,6.208
CMAES_IPOP,16,10,19,10179,0.4463803812761853,100060,4,6.362
CMAES_IPOP,16,10,20,10180,1.5317645338648163,100020,3,7.27
CMAES_IPOP,16,10,21,10181,0.8157949906167232,100060,4,5.356
CMAES_IPOP,16,10,22,10182,0.9740166129756744,100000,4,5.809
CMAES_IPOP,16,10,23,10183,0.08856780963719757,100000,3,6.671
CMAES_IPOP,16,10,24,10184,1.0045966394852712,100040,4,6.385
CMAES_IPOP,16,10,25,10185,0.04618882778072475,100010,4,6.495
CMAES_IPOP,16,10,26,10186,0.3617847243408505,100010,4,6.165
CMAES_IPOP,16,10,27,10187,0.26075202656852525,100060,4,5.891
CMAES_IPOP,16,10,28,10188,3.3385203387181264,100020,4,6.072
CMAES_IPOP,16,10,29,10189,1.7031656130791362,100070,4,6.379
CMAES_IPOP,16,10,30,10190,11.193490629601001,100050,4,6.501
CMAES_IPOP,16,10,31,10191,0.5733253752810015,100010,4,6.494
CMAES_IPOP,16,10,32,10192,0.5037850238798001,100060,4,6.397
CMAES_IPOP,16,10,33,10193,1.1486974663698675,100000,4,6.701
CMAES_IPOP,16,10,34,10194,1.8476633954105637,100020,4,6.197
CMAES_IPOP,16,10,35,10195,0.7275683371219657,100040,4,5.988
CMAES_IPOP,16,10,36,10196,0.40031735494085297,100000,3,7.142
CMAES_IPOP,16,10,37,10197,1.3667980853736026,100070,4,6.932
CMAES_IPOP,16,10,38,10198,0.8366901145102474,100060,4,5.857
CMAES_IPOP,16,10,39,10199,1.206032620834776,100040,4,6.686
CMAES_IPOP,16,10,40,10200,0.4626188695324345,100040,4,6.586
CMAES_IPOP,16,10,41,10201,1.321909479601345,100060,4,6.998
CMAES_IPOP,16,10,42,10202,0.7376490955139161,100050,4,6.646
CMAES_IPOP,16,10,43,10203,0.8574039312002242,100000,4,6.738
CMAES_IPOP,16,10,44,10204,1.1438607704521928,100030,4,6.96
CMAES_IPOP,16,10,45,10205,1.7049109546842374,100040,4,6.777
CMAES_IPOP,16,10,46,10206,0.2628617238863171,100030,4,6.537
CMAES_IPOP,16,10,47,10207,0.9717845599086559,100010,4,6.574
CMAES_IPOP,16,10,48,10208,1.8356624057196314,100030,3,8.357
CMAES_IPOP,16,10,49,10209,0.7008967431088422,100000,4,6.15
CMAES_IPOP,16,10,50,10210,1.4486764692435372,100070,4,6.479
CMAES_IPOP,17,10,0,10170,22.03924127258051,100100,5,4.869
CMAES_IPOP,17,10,1,10171,19.384034220128797,100000,5,4.629
CMAES_IPOP,17,10,2,10172,19.92437065513377,100110,5,5.533
CMAES_IPOP,17,10,3,10173,6.692742537028153,100140,5,4.459
CMAES_IPOP,17,10,4,10174,27.107050679752547,100090,5,5.286
CMAES_IPOP,17,10,5,10175,6.332618713416423,100040,5,4.856
CMAES_IPOP,17,10,6,10176,24.643919613371963,100050,5,4.267
CMAES_IPOP,17,10,7,10177,21.11933062447224,100050,4,5.423
CMAES_IPOP,17,10,8,10178,42.126597237146825,100110,5,5.9
CMAES_IPOP,17,10,9,10179,4.396897973517298,100070,5,4.056
CMAES_IPOP,17,10,10,10180,16.84779115622655,100000,5,4.876
CMAES_IPOP,17,10,11,10181,6.673013193096722,100080,5,4.854
CMAES_IPOP,17,10,12,10182,17.876553845823764,100140,5,5.224
CMAES_IPOP,17,10,13,10183,21.296850110207515,100070,4,4.889
CMAES_IPOP,17,10,14,10184,21.211930487087784,100090,5,5.661
CMAES_IPOP,17,10,15,10185,3.970122685953129,100150,5,5.14
CMAES_IPOP,17,10,16,10186,22.11424609784649,100130,5,4.779
CMAES_IPOP,17,10,17,10187,32.54259617040725,100060,4,5.103
CMAES_IPOP,17,10,18,10188,18.701494990155197,100020,5,5.273
CMAES_IPOP,17,10,19,10189,42.84863834222574,100100,5,4.817
CMAES_IPOP,17,10,20,10190,24.899155864974773,100100,5,5.862
CMAES_IPOP,17,10,21,10191,22.594568701101707,100040,5,4.088
CMAES_IPOP,17,10,22,10192,16.933159425574104,100100,5,4.943
CMAES_IPOP,17,10,23,10193,22.663566754262092,100070,5,5.149
CMAES_IPOP,17,10,24,10194,33.65157676183344,100060,4,4.877
CMAES_IPOP,17,10,25,10195,8.25485689271136,100000,5,5.821
CMAES_IPOP,17,10,26,10196,21.192250882727876,100120,5,5.201
CMAES_IPOP,17,10,27,10197,1.7179522893843568,100120,5,5.115
CMAES_IPOP,17,10,28,10198,3.152576595347682,100080,5,4.787
CMAES_IPOP,17,10,29,10199,21.389456910435683,100120,5,4.339
CMAES_IPOP,17,10,30,10200,21.672120396584432,100070,5,4.727
CMAES_IPOP,17,10,31,10201,37.85082573600448,100130,5,5.567
CMAES_IPOP,17,10,32,10202,21.948335790188366,100000,5,5.561
CMAES_IPOP,17,10,33,10203,26.083644167962348,100140,5,5.283
CMAES_IPOP,17,10,34,10204,24.43092061955008,100000,4,5.095
CMAES_IPOP,17,10,35,10205,22.9435124549168,100060,5,5.621
CMAES_IPOP,17,10,36,10206,25.247071285058382,100150,5,4.426
CMAES_IPOP,17,10,37,10207,23.494343773884566,100120,5,5.544
CMAES_IPOP,17,10,38,10208,18.837709270409277,100110,5,4.57
CMAES_IPOP,17,10,39,10209,17.635175978847883,100080,5,4.934
CMAES_IPOP,17,10,40,10210,26.301193135930816,100040,5,5.557
CMAES_IPOP,17,10,41,10211,20.01972675523075,100000,5,4.983
CMAES_IPOP,17,10,42,10212,10.024250952712919,100100,5,4.774
CMAES_IPOP,17,10,43,10213,18.72744245461149,100100,5,5.351
CMAES_IPOP,17,10,44,10214,21.177232351599514,100040,5,4.888
CMAES_IPOP,17,10,45,10215,22.341929567316356,100120,5,4.856
CMAES_IPOP,17,10,46,10216,22.978965003716212,100110,5,5.029
CMAES_IPOP,17,10,47,10217,30.439295484474314,100000,5,4.865
CMAES_IPOP,17,10,48,10218,22.35086163556548,100100,5,5.644
CMAES_IPOP,17,10,49,10219,1.0146884012165174,100040,5,4.999
CMAES_IPOP,17,10,50,10220,21.032294297087446,100060,5,4.692
CMAES_IPOP,18,10,0,10180,20.619774040655102,100000,3,6.945
CMAES_IPOP,18,10,1,10181,20.429809355103544,100150,5,6.564
CMAES_IPOP,18,10,2,10182,0.5000000045401976,100120,5,5.603
CMAES_IPOP,18,10,3,10183,0.5001048682470355,100010,4,6.732
CMAES_IPOP,18,10,4,10184,0.3750318714153309,100030,4,6.449
CMAES_IPOP,18,10,5,10185,0.4793350813984034,100070,4,6.549
CMAES_IPOP,18,10,6,10186,1.0038844186824463,100020,3,6.481
CMAES_IPOP,18,10,7,10187,20.600143948677896,100030,3,6.708
CMAES_IPOP,18,10,8,10188,21.37243581826897,100000,2,8.148
CMAES_IPOP,18,10,9,10189,0.02075503756350372,100010,4,5.689
CMAES_IPOP,18,10,10,10190,20.19710278527441,100070,4,6.646
CMAES_IPOP,18,10,11,10191,0.5000000005236416,100000,4,6.066
CMAES_IPOP,18,10,12,10192,1.322463841573608,100040,5,6.629
CMAES_IPOP,18,10,13,10193,1.4445577322187546,100020,4,5.683
CMAES_IPOP,18,10,14,10194,4.308181731474633,100030,5,6.171
CMAES_IPOP,18,10,15,10195,8.454703028325412,100070,4,6.504
CMAES_IPOP,18,10,16,10196,20.479350478846527,100000,4,6.251
CMAES_IPOP,18,10,17,10197,20.539087111037134,100020,4,7.198
CMAES_IPOP,18,10,18,10198,20.536203888789487,100040,4,6.121
CMAES_IPOP,18,10,19,10199,0.46532558446892835,100050,4,6.021
CMAES_IPOP,18,10,20,10200,20.579102509771474,100010,4,5.537
CMAES_IPOP,18,10,21,10201,0.5000000000009095,100070,5,6.247
CMAES_IPOP,18,10,22,10202,21.073938619932733,100050,4,7.091
CMAES_IPOP,18,10,23,10203,20.53068107137733,100020,4,6.069
CMAES_IPOP,18,10,24,10204,20.514627166609444,100040,4,6.868
CMAES_IPOP,18,10,25,10205,10.514394854328657,100040,4,6.604
CMAES_IPOP,18,10,26,10206,20.383949612275728,100010,4,6.667
CMAES_IPOP,18,10,27,10207,20.394629627178347,100020,3,6.117
CMAES_IPOP,18,10,28,10208,16.831905138261618,100030,3,6.069
CMAES_IPOP,18,10,29,10209,20.499732696574938,100010,3,6.318
CMAES_IPOP,18,10,30,10210,0.3518299119630228,100040,4,6.317
CMAES_IPOP,18,10,31,10211,20.463230799390885,100000,4,6.623
CMAES_IPOP,18,10,32,10212,21.55683113577993,100080,5,5.852
CMAES_IPOP,18,10,33,10213,1.4553562883936593,100000,3,6.698
CMAES_IPOP,18,10,34,10214,20.499999479522103,100050,4,6.316
CMAES_IPOP,18,10,35,10215,0.5000000001823537,100070,4,5.966
CMAES_IPOP,18,10,36,10216,0.5,100090,5,6.291
CMAES_IPOP,18,10,37,10217,0.0054866088948983815,100050,4,6.396
CMAES_IPOP,18,10,38,10218,0.5000000000013642,100060,4,6.116
CMAES_IPOP,18,10,39,10219,0.48487263597189667,100060,4,6.676
CMAES_IPOP,18,10,40,10220,20.359484406114234,100000,4,6.091
CMAES_IPOP,18,10,41,10221,1.4949590570952296,100070,5,6.926
CMAES_IPOP,18,10,42,10222,0.39164217634106535,100050,4,6.427
CMAES_IPOP,18,10,43,10223,20.567314290485,100030,4,6.199
CMAES_IPOP,18,10,44,10224,21.01428988621251,100000,4,6.54
CMAES_IPOP,18,10,45,10225,20.521744885681983,100010,4,6.832
CMAES_IPOP,18,10,46,10226,22.972751381067837,100000,4,6.381
CMAES_IPOP,18,10,47,10227,20.518631504734003,100040,4,6.141
CMAES_IPOP,18,10,48,10228,0.7745280054746218,100060,4,6.843
CMAES_IPOP,18,10,49,10229,0.4854176563844703,100050,4,5.975
CMAES_IPOP,18,10,50,10230,1.1221102502988742,100050,4,6.703
CMAES_IPOP,19,10,0,10190,1.0899114071714848,100040,5,5.572
CMAES_IPOP,19,10,1,10191,0.46284416015146235,100120,5,6.626
CMAES_IPOP,19,10,2,10192,0.14381682153884867,100050,4,6.197
CMAES_IPOP,19,10,3,10193,0.7485808856872609,100110,5,5.904
CMAES_IPOP,19,10,4,10194,0.19537106113284608,100090,5,6.518
CMAES_IPOP,19,10,5,10195,0.13852476880515496,100080,5,6.088
CMAES_IPOP,19,10,6,10196,0.1756263987545026,100010,5,5.68
CMAES_IPOP,19,10,7,10197,1.875722570921198,100000,5,6.04
CMAES_IPOP,19,10,8,10198,0.9973008251804458,100140,5,6.031
CMAES_IPOP,19,10,9,10199,0.14380642429773616,100150,5,7.094
CMAES_IPOP,19,10,10,10200,0.19537106113284608,100120,5,5.945
CMAES_IPOP,19,10,11,10201,0.16501912225362503,100050,5,5.435
CMAES_IPOP,19,10,12,10202,0.17664933654282322,100060,5,5.266
CMAES_IPOP,19,10,13,10203,0.07444815021540307,100060,5,6.432
CMAES_IPOP,19,10,14,10204,1.6972720088613187,100060,5,6.794
CMAES_IPOP,19,10,15,10205,0.1424669571740651,100080,5,5.858
CMAES_IPOP,19,10,16,10206,1.0894590187265294,100000,5,6.146
CMAES_IPOP,19,10,17,10207,1.1049099206850315,100130,5,5.806
CMAES_IPOP,19,10,18,10208,2.6958875288912623,100100,6,6.417
CMAES_IPOP,19,10,19,10209,0.14117335319770064,100120,5,5.918
CMAES_IPOP,19,10,20,10210,0.14380642429773616,100060,5,5.766
CMAES_IPOP,19,10,21,10211,1.1202921598548983,100040,5,5.741
CMAES_IPOP,19,10,22,10212,1.610002791793704,100000,5,5.652
CMAES_IPOP,19,10,23,10213,1.0978467104596348,100100,5,5.73
CMAES_IPOP,19,10,24,10214,0.019431819755482138,100110,5,6.336
CMAES_IPOP,19,10,25,10215,1.11648297821489,100010,5,6.0
CMAES_IPOP,19,10,26,10216,0.16877526492635297,100110,5,5.871
CMAES_IPOP,19,10,27,10217,1.168692548983472,100010,5,5.818
CMAES_IPOP,19,10,28,10218,0.9519535213689778,100000,5,5.733
CMAES_IPOP,19,10,29,10219,0.2316050281756361,100040,5,5.865
CMAES_IPOP,19,10,30,10220,3.5844023498189017,100280,6,5.838
CMAES_IPOP,19,10,31,10221,0.11000279179415884,100020,5,6.085
CMAES_IPOP,19,10,32,10222,1.11926797283013,100040,5,5.664
CMAES_IPOP,19,10,33,10223,1.6510530655709772,100130,5,5.837
CMAES_IPOP,19,10,34,10224,2.534013447170537,100040,5,6.942
CMAES_IPOP,19,10,35,10225,0.8683228327079178,100100,5,6.321
CMAES_IPOP,19,10,36,10226,1.6438070054350646,100130,5,6.086
CMAES_IPOP,19,10,37,10227,1.118790746297691,100060,5,5.876
CMAES_IPOP,19,10,38,10228,0.026891358498232876,100110,5,5.977
CMAES_IPOP,19,10,39,10229,0.1411733531972459,100100,5,6.506
CMAES_IPOP,19,10,40,10230,0.1438064242972814,100080,5,5.528
CMAES_IPOP,19,10,41,10231,1.1736684240750037,100010,5,5.305
CMAES_IPOP,19,10,42,10232,2.8442063220263663,100050,5,6.23
CMAES_IPOP,19,10,43,10233,0.019431819763440217,100070,5,6.319
CMAES_IPOP,19,10,44,10234,2.6045083713609074,100150,5,6.923
CMAES_IPOP,19,10,45,10235,0.17633455523241537,100000,5,5.946
CMAES_IPOP,19,10,46,10236,2.3559028216341176,100030,5,5.978
CMAES_IPOP,19,10,47,10237,2.101806934070055,100020,6,6.34
CMAES_IPOP,19,10,48,10238,2.621158791115249,100140,5,6.048
CMAES_IPOP,19,10,49,10239,0.019431819755709512,100020,5,6.01
CMAES_IPOP,19,10,50,10240,1.0178058440308178,100110,5,5.843
CMAES_IPOP,20,10,0,10200,20.304216231423197,100060,4,5.048
CMAES_IPOP,20,10,1,10201,20.312069550848264,100040,5,4.667
CMAES_IPOP,20,10,2,10202,1.3071323282943013,100000,5,4.839
CMAES_IPOP,20,10,3,10203,2.614264645261528,100060,5,5.057
CMAES_IPOP,20,10,4,10204,20.31306224562445,100060,4,5.691
CMAES_IPOP,20,10,5,10205,1.9899181525356653,100010,5,5.267
CMAES_IPOP,20,10,6,10206,20.632828839441572,100060,4,5.377
CMAES_IPOP,20,10,7,10207,1.307132327725185,100110,5,5.22
CMAES_IPOP,20,10,8,10208,1.3071323269375625,100090,5,5.276
CMAES_IPOP,20,10,9,10209,21.679011317015238,100060,5,5.762
CMAES_IPOP,20,10,10,10210,0.6249291386766345,100070,5,4.737
CMAES_IPOP,20,10,11,10211,1.3071323371295875,100030,5,5.47
CMAES_IPOP,20,10,12,10212,20.312172338905384,100020,5,4.877
CMAES_IPOP,20,10,13,10213,21.360720272910385,100090,5,5.218
CMAES_IPOP,20,10,14,10214,20.62434583805384,100110,5,5.169
CMAES_IPOP,20,10,15,10215,0.31217326450973815,100010,5,5.252
CMAES_IPOP,20,10,16,10216,0.31217333488825716,100040,5,4.958
CMAES_IPOP,20,10,17,10217,0.9949590671947135,100100,5,4.487
CMAES_IPOP,20,10,18,10218,0.9696408805114061,100010,5,5.19
CMAES_IPOP,20,10,19,10219,10.178364598091093,100130,5,4.623
CMAES_IPOP,20,10,20,10220,19.999893791080012,100030,5,4.505
CMAES_IPOP,20,10,21,10221,1.9899181379412312,100130,5,5.571
CMAES_IPOP,20,10,22,10222,20.622869046545247,100080,5,5.319
CMAES_IPOP,20,10,23,10223,21.98937390749893,100000,5,5.171
CMAES_IPOP,20,10,24,10224,8.117012839647941e-09,100150,5,5.046
CMAES_IPOP,20,10,25,10225,5.286963521247117,100070,5,5.294
CMAES_IPOP,20,10,26,10226,20.312173267687285,100110,5,4.687
CMAES_IPOP,20,10,27,10227,19.999998965919303,100130,5,5.874
CMAES_IPOP,20,10,28,10228,0.9949590666633412,100130,5,4.797
CMAES_IPOP,20,10,29,10229,20.311616465769248,100090,5,5.249
CMAES_IPOP,20,10,30,10230,21.25164119488477,100020,4,5.278
CMAES_IPOP,20,10,31,10231,21.304353449854716,100010,5,5.39
CMAES_IPOP,20,10,32,10232,22.30210661372621,100040,4,5.678
CMAES_IPOP,20,10,33,10233,0.9949590718706531,100110,5,4.801
CMAES_IPOP,20,10,34,10234,20.99495905024878,100100,5,4.546
CMAES_IPOP,20,10,35,10235,20.311708870107395,100010,5,5.431
CMAES_IPOP,20,10,36,10236,20.674808910712272,100090,5,4.638
CMAES_IPOP,20,10,37,10237,20.000000004421736,100090,5,5.524
CMAES_IPOP,20,10,38,10238,21.38597749015912,100100,5,5.714
CMAES_IPOP,20,10,39,10239,21.306997029820195,100000,4,5.763
CMAES_IPOP,20,10,40,10240,19.973442977146533,100130,5,5.459
CMAES_IPOP,20,10,41,10241,0.31217327016383933,100060,5,4.83
CMAES_IPOP,20,10,42,10242,1.6193113606225324,100150,5,4.908
CMAES_IPOP,20,10,43,10243,0.6243465244908748,100110,5,4.54
CMAES_IPOP,20,10,44,10244,20.260855735284395,100040,5,5.114
CMAES_IPOP,20,10,45,10245,20.31191584592125,100070,5,5.474
CMAES_IPOP,20,10,46,10246,1.6193055766530051,100050,5,4.917
CMAES_IPOP,20,10,47,10247,20.101871626868615,100060,5,5.535
CMAES_IPOP,20,10,48,10248,1.6193055994758652,100130,5,5.418
CMAES_IPOP,20,10,49,10249,5.109580977708902,100030,5,5.405
CMAES_IPOP,20,10,50,10250,21.303178372009597,100120,5,5.089
CMAES_IPOP,21,10,0,10210,204.64638441646457,100290,6,4.628
CMAES_IPOP,21,10,1,10211,203.7150884072671,100110,6,4.526
CMAES_IPOP,21,10,2,10212,203.50864761266894,100220,6,4.64
CMAES_IPOP,21,10,3,10213,203.5194533167446,100060,6,4.167
CMAES_IPOP,21,10,4,10214,184.57697168594405,100170,6,4.669
CMAES_IPOP,21,10,5,10215,202.83502834103774,100050,6,4.72
CMAES_IPOP,21,10,6,10216,203.14673381715147,100050,6,5.14
CMAES_IPOP,21,10,7,10217,203.85156494069497,100210,6,4.502
CMAES_IPOP,21,10,8,10218,202.39694191029548,100270,6,4.328
CMAES_IPOP,21,10,9,10219,204.87410454392557,100140,6,4.67
CMAES_IPOP,21,10,10,10220,203.53846457286636,100010,6,4.436
CMAES_IPOP,21,10,11,10221,204.70771365770543,100120,6,4.381
CMAES_IPOP,21,10,12,10222,202.7588860710589,100020,6,4.657
CMAES_IPOP,21,10,13,10223,202.7588860710589,100110,6,4.582
CMAES_IPOP,21,10,14,10224,202.82400048415047,100280,6,4.189
CMAES_IPOP,21,10,15,10225,202.65234082277857,100020,6,4.451
CMAES_IPOP,21,10,16,10226,178.1443879454937,100140,6,4.463
CMAES_IPOP,21,10,17,10227,190.69793274545964,100050,6,4.863
CMAES_IPOP,21,10,18,10228,100.00000000000136,100210,6,4.476
CMAES_IPOP,21,10,19,10229,203.51945331674506,100210,6,4.604
CMAES_IPOP,21,10,20,10230,204.66537782547266,100050,6,4.737
CMAES_IPOP,21,10,21,10231,203.91164288098798,100100,6,4.357
CMAES_IPOP,21,10,22,10232,203.5916674797586,100300,6,4.424
CMAES_IPOP,21,10,23,10233,202.65200218747032,100150,6,4.533
CMAES_IPOP,21,10,24,10234,154.23402907665695,100100,6,4.731
CMAES_IPOP,21,10,25,10235,176.6579125558519,100060,6,4.557
CMAES_IPOP,21,10,26,10236,202.75888607105844,100080,6,4.288
CMAES_IPOP,21,10,27,10237,204.68151691912362,100130,6,4.896
CMAES_IPOP,21,10,28,10238,203.5194533167446,100070,6,4.618
CMAES_IPOP,21,10,29,10239,174.22629684196954,100040,6,4.382
CMAES_IPOP,21,10,30,10240,203.49995414314208,100230,6,4.338
CMAES_IPOP,21,10,31,10241,203.93745472213732,100000,6,4.506
CMAES_IPOP,21,10,32,10242,204.8465491568436,100200,6,4.471
CMAES_IPOP,21,10,33,10243,203.77746223350368,100250,6,4.818
CMAES_IPOP,21,10,34,10244,203.82413150547973,100300,6,4.664
CMAES_IPOP,21,10,35,10245,203.7613507684664,100240,6,4.532
CMAES_IPOP,21,10,36,10246,204.25519037010235,100090,6,4.108
CMAES_IPOP,21,10,37,10247,204.89021541583543,100070,6,4.119
CMAES_IPOP,21,10,38,10248,204.52300837143912,100070,6,4.739
CMAES_IPOP,21,10,39,10249,205.198868390602,100120,6,4.75
CMAES_IPOP,21,10,40,10250,203.1567726012604,100230,6,4.739
CMAES_IPOP,21,10,41,10251,202.9623269542285,100150,6,4.129
CMAES_IPOP,21,10,42,10252,202.16970410822933,100180,6,4.797
CMAES_IPOP,21,10,43,10253,203.61797832853017,100050,6,4.034
CMAES_IPOP,21,10,44,10254,204.9126485858137,100050,6,3.894
CMAES_IPOP,21,10,45,10255,203.63024930517258,100130,6,5.516
CMAES_IPOP,21,10,46,10256,203.23432895215046,100120,6,5.124
CMAES_IPOP,21,10,47,10257,201.98959232563493,100280,6,4.591
CMAES_IPOP,21,10,48,10258,203.56152449882302,100160,6,4.629
CMAES_IPOP,21,10,49,10259,201.9569192815875,100050,6,4.355
CMAES_IPOP,21,10,50,10260,204.71944771118797,100290,6,4.528
CMAES_IPOP,22,10,0,10220,100.00000000000227,100150,6,4.389
CMAES_IPOP,22,10,1,10221,100.00000000000273,100040,6,4.277
CMAES_IPOP,22,10,2,10222,100.00000000000318,100070,6,4.321
CMAES_IPOP,22,10,3,10223,100.00000000000318,100100,6,4.896
CMAES_IPOP,22,10,4,10224,100.00000000000364,100070,6,5.124
CMAES_IPOP,22,10,5,10225,26.078579909157725,100140,6,4.153
CMAES_IPOP,22,10,6,10226,100.00000000000273,100040,6,4.542
CMAES_IPOP,22,10,7,10227,100.00000000000273,100240,6,5.183
CMAES_IPOP,22,10,8,10228,100.00000000000273,100240,6,4.16
CMAES_IPOP,22,10,9,10229,100.00000000000318,100070,6,4.899
CMAES_IPOP,22,10,10,10230,7.275957614183426e-12,100060,6,4.403
CMAES_IPOP,22,10,11,10231,100.00000000000318,100220,6,3.853
CMAES_IPOP,22,10,12,10232,100.00000000000318,100040,6,4.172
CMAES_IPOP,22,10,13,10233,100.00000000000273,100250,6,4.348
CMAES_IPOP,22,10,14,10234,100.00000000000318,100260,6,4.072
CMAES_IPOP,22,10,15,10235,100.00000000000273,100160,6,4.566
CMAES_IPOP,22,10,16,10236,100.00000000000318,100280,6,3.985
CMAES_IPOP,22,10,17,10237,31.40279324147241,100090,6,3.873
CMAES_IPOP,22,10,18,10238,100.00000000000273,100050,6,4.018
CMAES_IPOP,22,10,19,10239,100.00000000000318,100040,6,3.964
CMAES_IPOP,22,10,20,10240,100.00000000000318,100210,6,4.25
CMAES_IPOP,22,10,21,10241,100.00000000000318,100220,6,5.145
CMAES_IPOP,22,10,22,10242,100.00000000000273,100290,6,3.935
CMAES_IPOP,22,10,23,10243,100.00000000000273,100010,6,4.37
CMAES_IPOP,22,10,24,10244,100.00000000000273,100260,6,4.474
CMAES_IPOP,22,10,25,10245,100.00000000000273,100280,6,4.282
CMAES_IPOP,22,10,26,10246,100.00000000000318,100110,6,4.195
CMAES_IPOP,22,10,27,10247,100.00000000000318,100160,6,4.515
CMAES_IPOP,22,10,28,10248,100.00000000000318,100240,6,4.615
CMAES_IPOP,22,10,29,10249,100.00000000000318,100300,6,4.031
CMAES_IPOP,22,10,30,10250,100.00000000000227,100050,6,4.472
CMAES_IPOP,22,10,31,10251,100.00000000000409,100140,6,4.531
CMAES_IPOP,22,10,32,10252,100.00000000000318,100110,6,4.29
CMAES_IPOP,22,10,33,10253,100.00000000000318,100290,6,4.033
CMAES_IPOP,22,10,34,10254,100.00000000000364,100150,6,4.011
CMAES_IPOP,22,10,35,10255,100.00000000000318,100020,6,4.447
CMAES_IPOP,22,10,36,10256,100.00000000000318,100270,6,4.598
CMAES_IPOP,22,10,37,10257,100.00000000000273,100110,6,4.55
CMAES_IPOP,22,10,38,10258,100.00000000000318,100300,6,4.543
CMAES_IPOP,22,10,39,10259,100.00000000000273,100160,6,4.426
CMAES_IPOP,22,10,40,10260,100.00000000000273,100180,6,4.457
CMAES_IPOP,22,10,41,10261,100.00000000000273,100040,6,4.31
CMAES_IPOP,22,10,42,10262,100.00000000000318,100120,6,4.963
CMAES_IPOP,22,10,43,10263,100.00000000000273,100250,6,4.72
CMAES_IPOP,22,10,44,10264,100.00000000000318,100030,6,4.744
CMAES_IPOP,22,10,45,10265,100.00000000000273,100290,6,4.122
CMAES_IPOP,22,10,46,10266,100.00000000000273,100020,6,4.305
CMAES_IPOP,22,10,47,10267,100.00000000000318,100200,6,4.593
CMAES_IPOP,22,10,48,10268,100.00000000000227,100100,6,4.334
CMAES_IPOP,22,10,49,10269,100.00000000000318,100200,6,4.244
CMAES_IPOP,22,10,50,10270,11.563057352645501,100170,6,4.078
CMAES_IPOP,23,10,0,10230,305.1123128452755,100080,6,4.972
CMAES_IPOP,23,10,1,10231,304.31684227459846,100000,6,4.875
CMAES_IPOP,23,10,2,10232,308.31142590396166,100050,4,5.374
CMAES_IPOP,23,10,3,10233,305.4377950474286,100130,6,5.387
CMAES_IPOP,23,10,4,10234,305.6354471616428,100120,6,4.684
CMAES_IPOP,23,10,5,10235,306.3535584409433,100190,6,5.314
CMAES_IPOP,23,10,6,10236,302.57574628906286,100140,6,4.999
CMAES_IPOP,23,10,7,10237,307.8451356906771,100240,6,4.707
CMAES_IPOP,23,10,8,10238,305.12922758754075,100150,6,4.913
CMAES_IPOP,23,10,9,10239,305.8123921172328,100040,6,5.053
CMAES_IPOP,23,10,10,10240,307.67042802193873,100120,6,5.842
CMAES_IPOP,23,10,11,10241,305.98708159051785,100190,6,5.3
CMAES_IPOP,23,10,12,10242,305.8123921172328,100220,6,5.283
CMAES_IPOP,23,10,13,10243,304.9007019877263,100290,6,4.923
CMAES_IPOP,23,10,14,10244,306.84492388833223,100150,6,4.841
CMAES_IPOP,23,10,15,10245,305.949194859757,100060,6,5.217
CMAES_IPOP,23,10,16,10246,306.6469173958453,100140,6,5.318
CMAES_IPOP,23,10,17,10247,304.3208716198219,100120,6,4.661
CMAES_IPOP,23,10,18,10248,305.05043023230337,100000,6,4.813
CMAES_IPOP,23,10,19,10249,306.6080002001431,100210,6,4.973
CMAES_IPOP,23,10,20,10250,307.40951287119924,100110,6,4.906
CMAES_IPOP,23,10,21,10251,309.58150779844436,100070,6,5.3
CMAES_IPOP,23,10,22,10252,305.1469314267342,100220,6,5.416
CMAES_IPOP,23,10,23,10253,304.1496411815774,100020,6,5.405
CMAES_IPOP,23,10,24,10254,305.3837185221669,100200,6,5.039
CMAES_IPOP,23,10,25,10255,305.6354471616428,100250,6,5.007
CMAES_IPOP,23,10,26,10256,305.73239520861534,100280,6,4.751
CMAES_IPOP,23,10,27,10257,305.63544716164233,100040,6,5.401
CMAES_IPOP,23,10,28,10258,304.40329196857874,100010,6,4.696
CMAES_IPOP,23,10,29,10259,302.57574628906286,100210,6,4.862
CMAES_IPOP,23,10,30,10260,305.6354471616428,100000,6,4.385
CMAES_IPOP,23,10,31,10261,305.5043618545551,100180,6,4.655
CMAES_IPOP,23,10,32,10262,306.5310347785803,100270,6,4.914
CMAES_IPOP,23,10,33,10263,306.01249480282695,100030,6,5.473
CMAES_IPOP,23,10,34,10264,306.1051317726078,100070,6,5.237
CMAES_IPOP,23,10,35,10265,306.9224942205419,100130,6,4.946
CMAES_IPOP,23,10,36,10266,304.2865877003983,100050,6,4.921
CMAES_IPOP,23,10,37,10267,307.2805561516525,100180,6,4.972
CMAES_IPOP,23,10,38,10268,303.87780323493416,100300,6,4.874
CMAES_IPOP,23,10,39,10269,307.1861687502296,100030,6,5.129
CMAES_IPOP,23,10,40,10270,305.6354471616428,100000,6,4.579
CMAES_IPOP,23,10,41,10271,305.5984057358178,100120,6,4.435
CMAES_IPOP,23,10,42,10272,305.5911805555952,100150,6,5.046
CMAES_IPOP,23,10,43,10273,304.70483675722016,100200,6,4.861
CMAES_IPOP,23,10,44,10274,304.3208716198219,100290,6,5.305
CMAES_IPOP,23,10,45,10275,308.0164499923626,100260,6,5.445
CMAES_IPOP,23,10,46,10276,302.5757462890633,100210,6,5.447
CMAES_IPOP,23,10,47,10277,305.49078391135436,100000,6,5.058
CMAES_IPOP,23,10,48,10278,303.21409326065805,100160,6,4.684
CMAES_IPOP,23,10,49,10279,306.50016839567024,100160,6,5.317
CMAES_IPOP,23,10,50,10280,302.881632292439,100290,6,4.706
CMAES_IPOP,24,10,0,10240,330.53063601980875,100150,6,5.103
CMAES_IPOP,24,10,1,10241,330.3992533038754,100000,6,4.884
CMAES_IPOP,24,10,2,10242,333.4722704778633,100100,6,4.872
CMAES_IPOP,24,10,3,10243,332.1701035851056,100080,6,4.753
CMAES_IPOP,24,10,4,10244,334.75927328102625,100120,6,4.755
CMAES_IPOP,24,10,5,10245,332.52751431274055,100210,6,5.053
CMAES_IPOP,24,10,6,10246,333.15656344093213,100180,6,5.812
CMAES_IPOP,24,10,7,10247,335.4138544129005,100030,6,4.746
CMAES_IPOP,24,10,8,10248,330.9937167209755,100140,6,5.142
CMAES_IPOP,24,10,9,10249,332.3747422122856,100080,6,4.582
CMAES_IPOP,24,10,10,10250,333.89459688603256,100060,6,5.323
CMAES_IPOP,24,10,11,10251,336.57497862955233,100280,6,4.989
CMAES_IPOP,24,10,12,10252,232.52803469449054,100290,6,5.257
CMAES_IPOP,24,10,13,10253,330.4955827316885,100010,6,4.758
CMAES_IPOP,24,10,14,10254,331.8969880333525,100200,6,4.516
CMAES_IPOP,24,10,15,10255,333.72099760011133,100300,6,4.772
CMAES_IPOP,24,10,16,10256,332.37513820489266,100050,6,4.866
CMAES_IPOP,24,10,17,10257,333.17264603967214,100070,6,4.599
CMAES_IPOP,24,10,18,10258,260.75539256241154,100040,6,4.722
CMAES_IPOP,24,10,19,10259,333.9190427036615,100120,6,5.316
CMAES_IPOP,24,10,20,10260,331.95056328157807,100140,6,4.523
CMAES_IPOP,24,10,21,10261,330.53063601980875,100010,6,4.588
CMAES_IPOP,24,10,22,10262,333.99508193989004,100180,6,4.397
CMAES_IPOP,24,10,23,10263,200.00000000000546,100280,6,4.201
CMAES_IPOP,24,10,24,10264,328.31882954862067,100090,6,4.793
CMAES_IPOP,24,10,25,10265,336.2536894134487,100300,6,5.619
CMAES_IPOP,24,10,26,10266,335.33697159440726,100110,6,4.659
CMAES_IPOP,24,10,27,10267,328.0110094779625,100120,6,5.621
CMAES_IPOP,24,10,28,10268,329.8936153856057,100290,6,5.204
CMAES_IPOP,24,10,29,10269,332.2213890308858,100070,6,5.162
CMAES_IPOP,24,10,30,10270,332.52566997443364,100200,6,5.749
CMAES_IPOP,24,10,31,10271,333.4297053647001,100280,6,5.372
CMAES_IPOP,24,10,32,10272,330.99371672097595,100060,6,4.879
CMAES_IPOP,24,10,33,10273,333.5904050725312,100260,6,5.005
CMAES_IPOP,24,10,34,10274,330.49305786977675,100290,6,4.783
CMAES_IPOP,24,10,35,10275,334.34190454541476,100090,6,4.605
CMAES_IPOP,24,10,36,10276,200.61964828276177,100250,6,4.98
CMAES_IPOP,24,10,37,10277,331.22685930881653,100000,6,4.712
CMAES_IPOP,24,10,38,10278,333.5923525908688,100180,6,4.657
CMAES_IPOP,24,10,39,10279,333.89459688603256,100280,6,4.524
CMAES_IPOP,24,10,40,10280,332.04812382370255,100150,6,4.369
CMAES_IPOP,24,10,41,10281,330.9937167209755,100270,6,4.73
CMAES_IPOP,24,10,42,10282,329.5640681261225,100050,6,4.466
CMAES_IPOP,24,10,43,10283,327.60696729331585,100070,6,4.994
CMAES_IPOP,24,10,44,10284,332.5714932258388,100270,6,4.761
CMAES_IPOP,24,10,45,10285,329.6449778129827,100070,6,4.623
CMAES_IPOP,24,10,46,10286,330.3866114996413,100200,6,4.94
CMAES_IPOP,24,10,47,10287,335.9674136548251,100290,6,5.334
CMAES_IPOP,24,10,48,10288,335.1336115381396,100220,6,5.101
CMAES_IPOP,24,10,49,10289,334.5219913686401,100300,6,5.352
CMAES_IPOP,24,10,50,10290,333.86487486528085,100150,6,4.493
CMAES_IPOP,25,10,0,10250,398.0357807887158,100140,6,4.258
CMAES_IPOP,25,10,1,10251,398.0089894405778,100170,6,4.363
CMAES_IPOP,25,10,2,10252,398.1286640137432,100200,6,4.451
CMAES_IPOP,25,10,3,10253,398.0329236751991,100070,6,4.384
CMAES_IPOP,25,10,4,10254,398.0089894405778,100010,6,4.409
CMAES_IPOP,25,10,5,10255,398.00898944057735,100160,6,5.362
CMAES_IPOP,25,10,6,10256,398.20976999395316,100120,6,4.142
CMAES_IPOP,25,10,7,10257,398.0357807887158,100090,6,4.276
CMAES_IPOP,25,10,8,10258,398.0089894405778,100270,6,4.154
CMAES_IPOP,25,10,9,10259,398.03293977708745,100140,6,4.691
CMAES_IPOP,25,10,10,10260,398.0089894405778,100200,6,4.098
CMAES_IPOP,25,10,11,10261,398.0089895021574,100250,6,4.307
CMAES_IPOP,25,10,12,10262,398.00898944057826,100300,6,4.203
CMAES_IPOP,25,10,13,10263,398.11701041050264,100150,6,4.834
CMAES_IPOP,25,10,14,10264,398.0329236751995,100020,6,4.54
CMAES_IPOP,25,10,15,10265,443.3722413112391,100030,6,4.252
CMAES_IPOP,25,10,16,10266,398.20720880086947,100200,6,4.566
CMAES_IPOP,25,10,17,10267,398.00898944057735,100150,6,5.107
CMAES_IPOP,25,10,18,10268,398.0090065541963,100000,6,4.995
CMAES_IPOP,25,10,19,10269,398.0089894405778,100070,6,4.755
CMAES_IPOP,25,10,20,10270,443.68871141337513,100160,6,4.773
CMAES_IPOP,25,10,21,10271,398.07036509603586,100050,6,4.628
CMAES_IPOP,25,10,22,10272,398.0357807887158,100210,6,3.926
CMAES_IPOP,25,10,23,10273,443.37714639262686,100080,6,4.609
CMAES_IPOP,25,10,24,10274,398.0089894405778,100020,6,4.137
CMAES_IPOP,25,10,25,10275,398.0089894405778,100230,6,4.661
CMAES_IPOP,25,10,26,10276,443.34230002014465,100140,6,4.034
CMAES_IPOP,25,10,27,10277,397.7428694699879,100220,6,4.304
CMAES_IPOP,25,10,28,10278,398.0089894405778,100200,6,4.173
CMAES_IPOP,25,10,29,10279,398.0319604511119,100060,6,4.245
CMAES_IPOP,25,10,30,10280,398.1183896785237,100240,6,4.064
CMAES_IPOP,25,10,31,10281,398.0984993144293,100160,6,4.339
CMAES_IPOP,25,10,32,10282,398.1603862385905,100000,6,4.616
CMAES_IPOP,25,10,33,10283,443.37312132744455,100140,6,4.262
CMAES_IPOP,25,10,34,10284,398.0089894405778,100050,6,4.496
CMAES_IPOP,25,10,35,10285,398.0779177744489,100110,6,4.425
CMAES_IPOP,25,10,36,10286,443.37714639262686,100000,6,4.254
CMAES_IPOP,25,10,37,10287,398.0779177744489,100110,6,3.965
CMAES_IPOP,25,10,38,10288,398.0805259808453,100260,6,4.435
CMAES_IPOP,25,10,39,10289,443.3638120437108,100150,6,4.469
CMAES_IPOP,25,10,40,10290,398.0319604511119,100190,6,4.229
CMAES_IPOP,25,10,41,10291,398.03196045111144,100240,6,3.965
CMAES_IPOP,25,10,42,10292,397.74286946998745,100290,6,4.251
CMAES_IPOP,25,10,43,10293,398.06650184529235,100250,6,3.953
CMAES_IPOP,25,10,44,10294,398.00898944057735,100140,6,3.941
CMAES_IPOP,25,10,45,10295,443.37312132744455,100060,6,4.492
CMAES_IPOP,25,10,46,10296,398.04746541880786,100090,6,4.41
CMAES_IPOP,25,10,47,10297,398.0785348571617,100120,6,3.886
CMAES_IPOP,25,10,48,10298,398.00898944057826,100060,6,4.731
CMAES_IPOP,25,10,49,10299,443.32995040107335,100230,6,4.175
CMAES_IPOP,25,10,50,10300,443.32995040107335,100110,6,4.152
CMAES_IPOP,26,10,0,10260,300.00000000064483,100310,6,4.527
CMAES_IPOP,26,10,1,10261,300.0000000000291,100140,6,4.58
CMAES_IPOP,26,10,2,10262,300.00000000002683,100010,6,5.108
CMAES_IPOP,26,10,3,10263,300.0000588416706,100050,6,4.911
CMAES_IPOP,26,10,4,10264,200.00000000037517,100200,6,4.762
CMAES_IPOP,26,10,5,10265,300.0000000000382,100240,6,4.96
CMAES_IPOP,26,10,6,10266,300.0000000000273,100070,6,4.897
CMAES_IPOP,26,10,7,10267,300.0000013953122,100160,6,4.696
CMAES_IPOP,26,10,8,10268,300.00010788687496,100150,6,4.881
CMAES_IPOP,26,10,9,10269,300.00000000004275,100190,6,4.585
CMAES_IPOP,26,10,10,10270,300.00000000003547,100130,6,4.867
CMAES_IPOP,26,10,11,10271,3.3423930290155113e-10,100310,6,4.255
CMAES_IPOP,26,10,12,10272,300.00000000002547,100070,6,4.284
CMAES_IPOP,26,10,13,10273,300.0000000000173,100040,6,4.485
CMAES_IPOP,26,10,14,10274,300.0000549467177,100290,6,5.712
CMAES_IPOP,26,10,15,10275,300.00000000002456,100150,6,4.576
CMAES_IPOP,26,10,16,10276,300.00000000002274,100230,6,4.612
CMAES_IPOP,26,10,17,10277,300.000000000035,100000,6,4.751
CMAES_IPOP,26,10,18,10278,300.00000000003365,100130,6,5.042
CMAES_IPOP,26,10,19,10279,300.00000000002547,100230,6,5.008
CMAES_IPOP,26,10,20,10280,300.00000000002956,100090,6,4.859
CMAES_IPOP,26,10,21,10281,300.00000000003047,100300,6,4.758
CMAES_IPOP,26,10,22,10282,300.0000000000214,100000,6,4.475
CMAES_IPOP,26,10,23,10283,354.22412635325145,100150,6,4.7
CMAES_IPOP,26,10,24,10284,300.0000000000309,100280,6,4.738
CMAES_IPOP,26,10,25,10285,300.00000000002547,100270,6,4.525
CMAES_IPOP,26,10,26,10286,300.0000078788689,100160,6,4.573
CMAES_IPOP,26,10,27,10287,300.0000000000364,100130,6,4.877
CMAES_IPOP,26,10,28,10288,300.00000000002274,100220,6,4.614
CMAES_IPOP,26,10,29,10289,300.0000000000314,100310,6,4.502
CMAES_IPOP,26,10,30,10290,300.0000297611409,100160,6,5.097
CMAES_IPOP,26,10,31,10291,300.00000000003456,100290,6,5.307
CMAES_IPOP,26,10,32,10292,300.00000000002456,100310,6,4.18
CMAES_IPOP,26,10,33,10293,300.0000000000259,100190,6,4.977
CMAES_IPOP,26,10,34,10294,300.00000000003774,100230,6,4.878
CMAES_IPOP,26,10,35,10295,300.00000000002274,100310,6,5.366
CMAES_IPOP,26,10,36,10296,300.00000000003,100270,6,4.552
CMAES_IPOP,26,10,37,10297,300.00000000003683,100180,6,4.546
CMAES_IPOP,26,10,38,10298,300.000000000015,100000,6,4.621
CMAES_IPOP,26,10,39,10299,300.00000000003,100030,6,5.321
CMAES_IPOP,26,10,40,10300,300.0000000000264,100020,6,4.964
CMAES_IPOP,26,10,41,10301,300.000000000035,100160,6,5.077
CMAES_IPOP,26,10,42,10302,300.0000000000473,100280,6,4.966
CMAES_IPOP,26,10,43,10303,300.00000016849435,100310,6,5.274
CMAES_IPOP,26,10,44,10304,300.00000000002683,100140,6,4.499
CMAES_IPOP,26,10,45,10305,300.0000000000273,100090,6,5.076
CMAES_IPOP,26,10,46,10306,300.00000000002774,100290,6,4.808
CMAES_IPOP,26,10,47,10307,300.00000000003,100200,6,5.078
CMAES_IPOP,26,10,48,10308,300.00000000003,100050,6,4.224
CMAES_IPOP,26,10,49,10309,300.0000000000314,100230,6,5.387
CMAES_IPOP,26,10,50,10310,300.00000000003047,100160,6,4.755
CMAES_IPOP,27,10,0,10270,389.51799024013553,100010,5,6.77
CMAES_IPOP,27,10,1,10271,389.0055265186779,100290,6,6.619
CMAES_IPOP,27,10,2,10272,389.0055265186784,100130,5,6.177
CMAES_IPOP,27,10,3,10273,392.68493368427926,100230,6,6.269
CMAES_IPOP,27,10,4,10274,389.0055265186779,100050,6,5.973
CMAES_IPOP,27,10,5,10275,389.0055265186779,100020,5,6.875
CMAES_IPOP,27,10,6,10276,389.5179902401351,100160,6,5.545
CMAES_IPOP,27,10,7,10277,389.0055265186779,100150,6,5.583
CMAES_IPOP,27,10,8,10278,389.0055265186784,100100,6,5.079
CMAES_IPOP,27,10,9,10279,389.0055265186779,100030,5,5.679
CMAES_IPOP,27,10,10,10280,389.51799024013553,100010,6,5.871
CMAES_IPOP,27,10,11,10281,389.0055265186793,100140,5,6.966
CMAES_IPOP,27,10,12,10282,389.517990240136,100050,5,5.375
CMAES_IPOP,27,10,13,10283,389.51799024013553,100070,5,5.854
CMAES_IPOP,27,10,14,10284,389.0055265186779,100180,6,4.967
CMAES_IPOP,27,10,15,10285,389.51799024013553,100510,7,5.462
CMAES_IPOP,27,10,16,10286,389.70567982845296,100000,5,6.274
CMAES_IPOP,27,10,17,10287,389.0055265186779,100230,6,5.714
CMAES_IPOP,27,10,18,10288,389.0055265186779,100570,7,5.156
CMAES_IPOP,27,10,19,10289,389.7056798284475,100000,5,6.445
CMAES_IPOP,27,10,20,10290,389.51799024013553,100210,6,5.704
CMAES_IPOP,27,10,21,10291,389.0055265186784,100000,5,6.536
CMAES_IPOP,27,10,22,10292,389.0055265186784,100230,6,5.511
CMAES_IPOP,27,10,23,10293,389.00723470876164,100010,6,5.77
CMAES_IPOP,27,10,24,10294,389.0055265186779,100090,6,5.63
CMAES_IPOP,27,10,25,10295,389.51799024013553,100090,5,5.725
CMAES_IPOP,27,10,26,10296,389.0055265187625,100060,6,5.99
CMAES_IPOP,27,10,27,10297,389.0055265186825,100200,6,5.187
CMAES_IPOP,27,10,28,10298,389.0055265186779,100280,6,6.603
CMAES_IPOP,27,10,29,10299,389.51799024013553,100120,6,5.771
CMAES_IPOP,27,10,30,10300,389.5179902401351,100050,6,6.472
CMAES_IPOP,27,10,31,10301,389.51799024013553,100140,5,5.959
CMAES_IPOP,27,10,32,10302,389.51799024013553,100010,6,5.635
CMAES_IPOP,27,10,33,10303,389.0055265186784,100220,6,5.173
CMAES_IPOP,27,10,34,10304,389.0055265195192,100080,5,6.434
CMAES_IPOP,27,10,35,10305,389.0055265186784,100240,6,5.795
CMAES_IPOP,27,10,36,10306,389.0055265186779,100250,6,6.095
CMAES_IPOP,27,10,37,10307,389.0055265186784,100310,6,6.086
CMAES_IPOP,27,10,38,10308,389.0055265186784,100060,5,5.946
CMAES_IPOP,27,10,39,10309,389.0055265186779,100480,7,5.113
CMAES_IPOP,27,10,40,10310,389.0055265186779,100250,6,5.265
CMAES_IPOP,27,10,41,10311,389.0055265186779,100040,5,6.3
CMAES_IPOP,27,10,42,10312,389.0055265186784,100000,5,6.802
CMAES_IPOP,27,10,43,10313,389.51799024013553,100210,6,6.361
CMAES_IPOP,27,10,44,10314,389.30807675644746,100000,5,5.592
CMAES_IPOP,27,10,45,10315,389.0055265186779,100280,6,5.963
CMAES_IPOP,27,10,46,10316,389.0055265186779,100090,6,6.246
CMAES_IPOP,27,10,47,10317,389.5179902401351,100440,7,5.08
CMAES_IPOP,27,10,48,10318,390.7847594621012,100050,6,5.284
CMAES_IPOP,27,10,49,10319,390.75189865162383,100390,7,5.152
CMAES_IPOP,27,10,50,10320,389.70567982845614,100080,5,5.921
CMAES_IPOP,28,10,0,10280,417.82408615143186,100280,7,4.689
CMAES_IPOP,28,10,1,10281,300.0000000000382,100500,7,5.182
CMAES_IPOP,28,10,2,10282,300.00000000005593,100630,7,5.212
CMAES_IPOP,28,10,3,10283,300.0000000000409,100280,6,4.794
CMAES_IPOP,28,10,4,10284,300.00000000005457,100190,6,5.473
CMAES_IPOP,28,10,5,10285,583.7340414044465,100130,7,4.788
CMAES_IPOP,28,10,6,10286,300.0000000000614,100390,7,5.143
CMAES_IPOP,28,10,7,10287,300.0000000000514,100560,7,5.451
CMAES_IPOP,28,10,8,10288,583.734041404447,100240,7,4.661
CMAES_IPOP,28,10,9,10289,300.00000000004593,100120,6,4.969
CMAES_IPOP,28,10,10,10290,583.734041404447,100480,7,5.518
CMAES_IPOP,28,10,11,10291,300.0000000002133,100070,6,4.932
CMAES_IPOP,28,10,12,10292,300.0000000000505,100240,6,4.638
CMAES_IPOP,28,10,13,10293,374.3845240931014,100450,7,4.944
CMAES_IPOP,28,10,14,10294,300.00000000003774,100250,7,4.724
CMAES_IPOP,28,10,15,10295,300.0000000000409,100040,7,4.493
CMAES_IPOP,28,10,16,10296,300.0000000000682,100400,7,5.179
CMAES_IPOP,28,10,17,10297,388.5818797454481,100280,7,4.881
CMAES_IPOP,28,10,18,10298,300.0000000007176,100120,6,4.859
CMAES_IPOP,28,10,19,10299,300.0000000000441,100020,6,4.526
CMAES_IPOP,28,10,20,10300,300.0000000000564,100230,6,4.647
CMAES_IPOP,28,10,21,10301,300.0000001889607,100310,6,5.015
CMAES_IPOP,28,10,22,10302,300.0000000013033,100170,6,4.476
CMAES_IPOP,28,10,23,10303,300.00000000004275,100230,6,4.848
CMAES_IPOP,28,10,24,10304,368.98316537491155,100180,7,4.784
CMAES_IPOP,28,10,25,10305,300.00000000005366,100110,7,5.152
CMAES_IPOP,28,10,26,10306,583.7340414044465,100340,7,4.669
CMAES_IPOP,28,10,27,10307,516.2755802319261,100070,7,4.791
CMAES_IPOP,28,10,28,10308,300.0000000000391,100180,6,4.612
CMAES_IPOP,28,10,29,10309,300.000000000045,100230,6,4.615
CMAES_IPOP,28,10,30,10310,417.39960877285375,100140,7,5.114
CMAES_IPOP,28,10,31,10311,583.734041404447,100420,7,5.292
CMAES_IPOP,28,10,32,10312,300.00000000004275,100440,7,4.94
CMAES_IPOP,28,10,33,10313,300.00000000004457,100120,7,4.594
CMAES_IPOP,28,10,34,10314,300.0000000000464,100320,7,5.071
CMAES_IPOP,28,10,35,10315,300.0000000000341,100140,6,4.9
CMAES_IPOP,28,10,36,10316,300.00000000777936,100070,6,4.397
CMAES_IPOP,28,10,37,10317,300.0000000000332,100010,6,8.08
CMAES_IPOP,28,10,38,10318,368.6962908616015,100360,7,5.302
CMAES_IPOP,28,10,39,10319,300.0000000000382,100360,7,5.5
CMAES_IPOP,28,10,40,10320,396.56811566068336,100450,7,5.523
CMAES_IPOP,28,10,41,10321,300.00000000005275,100280,7,6.604
CMAES_IPOP,28,10,42,10322,583.7340414044475,100020,7,6.245
CMAES_IPOP,28,10,43,10323,300.0000000000782,100260,7,5.638
CMAES_IPOP,28,10,44,10324,300.00000000004866,100070,6,5.906
CMAES_IPOP,28,10,45,10325,300.0000000000441,100460,7,5.193
CMAES_IPOP,28,10,46,10326,300.00000000004684,100340,7,5.346
CMAES_IPOP,28,10,47,10327,300.00000000018736,100230,6,5.701
CMAES_IPOP,28,10,48,10328,396.5681156606838,100600,7,6.162
CMAES_IPOP,28,10,49,10329,415.72795371680604,100230,7,5.322
CMAES_IPOP,28,10,50,10330,415.7279537168065,100270,7,5.265
CMAES_IPOP,29,10,0,10290,272.1358072417879,100040,4,7.273
CMAES_IPOP,29,10,1,10291,233.3618364264389,100050,4,7.272
CMAES_IPOP,29,10,2,10292,234.38443888483698,100000,4,7.257
CMAES_IPOP,29,10,3,10293,228.74687120573708,100050,4,7.887
CMAES_IPOP,29,10,4,10294,239.1914840274526,100020,4,8.193
CMAES_IPOP,29,10,5,10295,231.50952789449593,100020,4,7.036
CMAES_IPOP,29,10,6,10296,323.4542062509636,100000,3,8.295
CMAES_IPOP,29,10,7,10297,231.26053146503818,100010,5,6.557
CMAES_IPOP,29,10,8,10298,238.93520468696806,100030,4,6.716
CMAES_IPOP,29,10,9,10299,230.22516748045427,100010,4,7.524
CMAES_IPOP,29,10,10,10300,233.04454066393782,100060,4,6.564
CMAES_IPOP,29,10,11,10301,231.43584136720938,100110,5,7.201
CMAES_IPOP,29,10,12,10302,229.26209951541568,100010,4,6.227
CMAES_IPOP,29,10,13,10303,234.63582169082292,100060,4,7.504
CMAES_IPOP,29,10,14,10304,237.5478714974888,100060,4,6.857
CMAES_IPOP,29,10,15,10305,245.35788892859273,100010,3,8.559
CMAES_IPOP,29,10,16,10306,230.70617733253948,100040,4,7.372
CMAES_IPOP,29,10,17,10307,242.11656410669002,100020,4,8.811
CMAES_IPOP,29,10,18,10308,236.643090430111,100010,4,6.889
CMAES_IPOP,29,10,19,10309,233.5673935668583,100150,5,7.573
CMAES_IPOP,29,10,20,10310,245.81519730402943,100020,3,8.483
CMAES_IPOP,29,10,21,10311,232.478203725781,100050,4,7.846
CMAES_IPOP,29,10,22,10312,243.52502440824628,100100,5,7.416
CMAES_IPOP,29,10,23,10313,238.69246858278257,100020,3,7.84
CMAES_IPOP,29,10,24,10314,237.1040012312801,100050,4,8.35
CMAES_IPOP,29,10,25,10315,235.99894374626,100010,4,6.914
CMAES_IPOP,29,10,26,10316,234.41209254889054,100000,4,6.664
CMAES_IPOP,29,10,27,10317,228.07111715140536,100070,4,7.284
CMAES_IPOP,29,10,28,10318,238.23581906480467,100010,4,7.654
CMAES_IPOP,29,10,29,10319,232.968469545247,100060,4,7.642
CMAES_IPOP,29,10,30,10320,242.9623615622204,100070,4,8.519
CMAES_IPOP,29,10,31,10321,247.95744238140287,100020,4,7.427
CMAES_IPOP,29,10,32,10322,258.52273957570924,100000,4,8.605
CMAES_IPOP,29,10,33,10323,252.92296408265884,100070,4,9.189
CMAES_IPOP,29,10,34,10324,234.68712183455045,100050,4,7.424
CMAES_IPOP,29,10,35,10325,236.63969491269972,100000,4,7.298
CMAES_IPOP,29,10,36,10326,234.36132964544322,100050,4,7.031
CMAES_IPOP,29,10,37,10327,237.64448073189078,100020,4,6.915
CMAES_IPOP,29,10,38,10328,233.31226671824288,100040,4,6.794
CMAES_IPOP,29,10,39,10329,242.9199778654297,100070,4,7.718
CMAES_IPOP,29,10,40,10330,252.94326567001463,100060,4,6.289
CMAES_IPOP,29,10,41,10331,234.23164639803508,100010,4,7.988
CMAES_IPOP,29,10,42,10332,238.42239211467086,100030,4,6.085
CMAES_IPOP,29,10,43,10333,227.50763485240714,100060,4,7.839
CMAES_IPOP,29,10,44,10334,235.90740018248243,100020,4,7.068
CMAES_IPOP,29,10,45,10335,232.4256865104103,100000,4,8.151
CMAES_IPOP,29,10,46,10336,233.10601646527994,100070,4,8.543
CMAES_IPOP,29,10,47,10337,233.0967115174767,100030,4,7.86
CMAES_IPOP,29,10,48,10338,233.79227254500165,100150,5,7.057
CMAES_IPOP,29,10,49,10339,249.9138071583211,100000,3,8.827
CMAES_IPOP,29,10,50,10340,236.52149949704562,100030,4,8.504
CMAES_IPOP,30,10,0,10300,464.18199268641547,100030,4,11.676
CMAES_IPOP,30,10,1,10301,399.5301128700703,100030,4,7.785
CMAES_IPOP,30,10,2,10302,626.4318735556808,100000,3,8.984
CMAES_IPOP,30,10,3,10303,503.5513168366706,100010,5,7.725
CMAES_IPOP,30,10,4,10304,474.13894943534524,100020,4,8.215
CMAES_IPOP,30,10,5,10305,397.15794516038795,100000,3,8.568
CMAES_IPOP,30,10,6,10306,497.5734656143477,100080,5,7.763
CMAES_IPOP,30,10,7,10307,442.79409038421363,100050,4,8.232
CMAES_IPOP,30,10,8,10308,394.6872783693848,100020,4,8.021
CMAES_IPOP,30,10,9,10309,398.4055154218272,100070,4,7.54
CMAES_IPOP,30,10,10,10310,464.45363697319453,100070,4,7.7
CMAES_IPOP,30,10,11,10311,395.08307679314476,100000,4,7.515
CMAES_IPOP,30,10,12,10312,444.7270642815065,100140,5,8.256
CMAES_IPOP,30,10,13,10313,500.4686605580955,100010,4,7.513
CMAES_IPOP,30,10,14,10314,397.0876240898001,100060,4,9.028
CMAES_IPOP,30,10,15,10315,396.4388966426709,100050,4,8.477
CMAES_IPOP,30,10,16,10316,412832.2398826326,100030,5,7.52
CMAES_IPOP,30,10,17,10317,407.5864671370441,100000,4,7.913
CMAES_IPOP,30,10,18,10318,399.6032508538292,100060,4,7.851
CMAES_IPOP,30,10,19,10319,443.91402385710126,100130,5,7.669
CMAES_IPOP,30,10,20,10320,515.8089488666874,100010,4,8.229
CMAES_IPOP,30,10,21,10321,395.15473387102884,100010,4,8.449
CMAES_IPOP,30,10,22,10322,817578.0569262317,100040,4,7.762
CMAES_IPOP,30,10,23,10323,513.0843771394893,100000,4,8.41
CMAES_IPOP,30,10,24,10324,521.4591881745191,100010,4,8.525
CMAES_IPOP,30,10,25,10325,411.90117528113024,100070,4,8.0
CMAES_IPOP,30,10,26,10326,396.758815542662,100000,4,7.524
CMAES_IPOP,30,10,27,10327,395.9476189073025,100030,4,8.31
CMAES_IPOP,30,10,28,10328,395.2354723286576,100040,4,8.32
CMAES_IPOP,30,10,29,10329,411.7039649698877,100070,4,9.578
CMAES_IPOP,30,10,30,10330,394.8944026843642,100060,4,8.447
CMAES_IPOP,30,10,31,10331,747080.6338529147,100030,5,7.502
CMAES_IPOP,30,10,32,10332,817578.0569262318,100060,5,7.076
CMAES_IPOP,30,10,33,10333,498.68619568819076,100080,5,7.436
CMAES_IPOP,30,10,34,10334,407.67972048822,100020,5,7.295
CMAES_IPOP,30,10,35,10335,503.5513168366706,100130,5,7.663
CMAES_IPOP,30,10,36,10336,398.3415234001277,100050,4,8.154
CMAES_IPOP,30,10,37,10337,817578.0569262324,100120,5,8.225
CMAES_IPOP,30,10,38,10338,394.6852437042535,100030,4,8.744
CMAES_IPOP,30,10,39,10339,508.9192184310382,100060,4,8.428
CMAES_IPOP,30,10,40,10340,464.1395289535394,100040,4,7.757
CMAES_IPOP,30,10,41,10341,398.6896079375374,100040,4,8.97
CMAES_IPOP,30,10,42,10342,501.24066320483416,100060,4,7.949
CMAES_IPOP,30,10,43,10343,480.5579264888038,100050,4,7.73
CMAES_IPOP,30,10,44,10344,544.6088674896055,100020,5,7.99
CMAES_IPOP,30,10,45,10345,395.72577614664897,100000,4,8.283
CMAES_IPOP,30,10,46,10346,395.20677472103625,100060,4,8.804
CMAES_IPOP,30,10,47,10347,516.4575493322441,100050,4,8.172
CMAES_IPOP,30,10,48,10348,503.7108773712971,100080,5,8.197
CMAES_IPOP,30,10,49,10349,396.0672380834535,100070,4,9.345
CMAES_IPOP,30,10,50,10350,473.9577642922104,100040,4,8.222
CMAES_IPOP,1,30,0,30010,2.842170943040401e-14,300090,5,19.464
CMAES_IPOP,1,30,1,30011,2.842170943040401e-14,300020,5,18.823
CMAES_IPOP,1,30,2,30012,4.263256414560601e-14,300174,5,24.381
CMAES_IPOP,1,30,3,30013,2.842170943040401e-14,300188,5,17.512
CMAES_IPOP,1,30,4,30014,1.4210854715202004e-14,300034,5,17.571
CMAES_IPOP,1,30,5,30015,4.263256414560601e-14,300006,5,17.758
CMAES_IPOP,1,30,6,30016,1.4210854715202004e-14,300104,5,19.937
CMAES_IPOP,1,30,7,30017,2.842170943040401e-14,300062,5,24.867
CMAES_IPOP,1,30,8,30018,2.842170943040401e-14,300188,5,19.267
CMAES_IPOP,1,30,9,30019,2.842170943040401e-14,300188,5,18.735
CMAES_IPOP,3,30,0,30030,5.684341886080802e-14,300132,5,20.185
CMAES_IPOP,3,30,1,30031,5.684341886080802e-14,300132,5,20.542
CMAES_IPOP,3,30,2,30032,5.684341886080802e-14,300160,5,20.36
CMAES_IPOP,3,30,3,30033,1.1368683772161603e-13,300188,5,20.434
CMAES_IPOP,3,30,4,30034,5.684341886080802e-14,300076,5,20.041
CMAES_IPOP,3,30,5,30035,5.684341886080802e-14,300020,5,20.724
CMAES_IPOP,3,30,6,30036,5.684341886080802e-14,300132,5,18.909
CMAES_IPOP,3,30,7,30037,5.684341886080802e-14,300202,5,26.16
CMAES_IPOP,3,30,8,30038,5.684341886080802e-14,300076,5,19.933
CMAES_IPOP,3,30,9,30039,5.684341886080802e-14,300020,5,20.591
CMAES_IPOP,4,30,0,30040,58.56155730238527,300188,5,22.992
CMAES_IPOP,4,30,1,30041,58.56155730238527,300062,5,20.681
CMAES_IPOP,4,30,2,30042,58.56155730238521,300076,5,23.262
CMAES_IPOP,4,30,3,30043,58.56155730238527,300132,5,22.207
CMAES_IPOP,4,30,4,30044,5.684341886080802e-14,300216,5,22.979
CMAES_IPOP,4,30,5,30045,58.56155730238521,300034,5,23.343
CMAES_IPOP,4,30,6,30046,58.56155730238527,300202,5,22.063
CMAES_IPOP,4,30,7,30047,58.56155730238527,300132,5,21.203
CMAES_IPOP,4,30,8,30048,58.56155730238527,300006,5,21.707
CMAES_IPOP,4,30,9,30049,58.56155730238521,300020,5,22.147
CMAES_IPOP,9,30,0,30090,5.684341886080801e-13,300006,6,17.348
CMAES_IPOP,9,30,1,30091,3.410605131648481e-13,300048,6,18.028
CMAES_IPOP,9,30,2,30092,2.2737367544323206e-13,300188,6,19.198
CMAES_IPOP,9,30,3,30093,2.2737367544323206e-13,300300,6,19.0
CMAES_IPOP,9,30,4,30094,2.2737367544323206e-13,300118,6,16.421
CMAES_IPOP,9,30,5,30095,2.2737367544323206e-13,300174,6,17.101
CMAES_IPOP,9,30,6,30096,3.410605131648481e-13,300356,6,18.81
CMAES_IPOP,9,30,7,30097,2.2737367544323206e-13,300034,6,19.034
CMAES_IPOP,9,30,8,30098,4.547473508864641e-13,300062,6,18.799
CMAES_IPOP,9,30,9,30099,1.1368683772161603e-13,300090,6,17.88
CMAES_IPOP,13,30,0,30130,15.649912360358485,300020,3,25.815
CMAES_IPOP,13,30,1,30131,17.756622090625115,300048,4,25.492
CMAES_IPOP,13,30,2,30132,11.9395036473029,300020,3,24.609
CMAES_IPOP,13,30,3,30133,17.001429503935697,300020,4,24.336
CMAES_IPOP,13,30,4,30134,28.11686427212362,300104,4,25.163
CMAES_IPOP,13,30,5,30135,1.9899181141886402,300034,4,24.316
CMAES_IPOP,13,30,6,30136,17.292661933608315,300006,4,26.206
CMAES_IPOP,13,30,7,30137,30.230197420496324,300104,4,20.192
CMAES_IPOP,13,30,8,30138,14.122650300481155,300006,4,18.46
CMAES_IPOP,13,30,9,30139,5.969754342561828,300020,4,20.263
CMAES_IPOP,16,30,0,30160,22.641072842618314,300020,2,25.689
CMAES_IPOP,16,30,1,30161,18.17348493219174,300006,2,25.142
CMAES_IPOP,16,30,2,30162,21.68348023572571,300034,3,23.822
CMAES_IPOP,16,30,3,30163,44.36822686610731,300006,2,29.041
CMAES_IPOP,16,30,4,30164,69.86674272116193,300020,2,28.151
CMAES_IPOP,16,30,5,30165,18.428579351686267,300020,2,28.511
CMAES_IPOP,16,30,6,30166,39.68887957889228,300034,3,24.096
CMAES_IPOP,16,30,7,30167,758.2609533319928,300048,3,27.349
CMAES_IPOP,16,30,8,30168,14.837423832106651,300006,3,25.862
CMAES_IPOP,16,30,9,30169,205.67169344293825,300006,2,26.875
CMAES_IPOP,21,30,0,30210,208.28348713430978,300188,5,16.217
CMAES_IPOP,21,30,1,30211,207.09575600059497,300104,5,15.399
CMAES_IPOP,21,30,2,30212,211.1781379789777,300034,5,15.61
CMAES_IPOP,21,30,3,30213,210.231820981704,300034,5,17.132
CMAES_IPOP,21,30,4,30214,207.39848709120224,300006,5,15.263
CMAES_IPOP,21,30,5,30215,204.2360336131128,300020,5,13.62
CMAES_IPOP,21,30,6,30216,205.33498380775836,300062,5,15.318
CMAES_IPOP,21,30,7,30217,206.25038913761364,300034,5,17.896
CMAES_IPOP,21,30,8,30218,209.07700026208977,300006,5,15.319
CMAES_IPOP,21,30,9,30219,206.4385236890389,300174,5,17.886
CMAES_IPOP,23,30,0,30230,359.86578359268697,300160,5,17.232
CMAES_IPOP,23,30,1,30231,359.6923483629007,300188,5,18.407
CMAES_IPOP,23,30,2,30232,354.05737162150854,300202,5,18.725
CMAES_IPOP,23,30,3,30233,359.47866182936286,300076,5,18.248
CMAES_IPOP,23,30,4,30234,353.0654879948397,300118,5,16.77
CMAES_IPOP,23,30,5,30235,360.14041039201174,300160,5,18.932
CMAES_IPOP,23,30,6,30236,357.87387831657634,300160,5,18.897
CMAES_IPOP,23,30,7,30237,361.62971457489175,300216,5,16.025
CMAES_IPOP,23,30,8,30238,347.8779328401665,300202,5,19.517
CMAES_IPOP,23,30,9,30239,363.4922807447788,300076,5,16.652
CMAES_IPOP,27,30,0,30270,508.7799188074305,300034,4,26.643
CMAES_IPOP,27,30,1,30271,517.3118354815338,300006,1,32.208
CMAES_IPOP,27,30,2,30272,512.6432508513021,300146,5,21.627
CMAES_IPOP,27,30,3,30273,512.4151777299285,300020,3,22.779
CMAES_IPOP,27,30,4,30274,513.8222526669124,300202,5,21.209
CMAES_IPOP,27,30,5,30275,517.852914827633,300020,4,19.591
CMAES_IPOP,27,30,6,30276,505.0795415533689,300034,4,22.806
CMAES_IPOP,27,30,7,30277,504.21136759298724,300062,4,18.154
CMAES_IPOP,27,30,8,30278,514.0828271956202,300020,4,25.745
CMAES_IPOP,27,30,9,30279,503.4461636781316,300034,3,24.064
CMAES_IPOP,29,30,0,30290,472.60202578755434,300020,4,22.642
CMAES_IPOP,29,30,1,30291,700.1116463463022,300034,3,27.961
CMAES_IPOP,29,30,2,30292,456.53393629340053,300020,4,22.128
CMAES_IPOP,29,30,3,30293,448.0190557422038,300034,3,24.456
CMAES_IPOP,29,30,4,30294,534.9302690501204,300034,4,23.791
CMAES_IPOP,29,30,5,30295,437.6518331005368,300104,4,22.636
CMAES_IPOP,29,30,6,30296,664.5473667365814,300076,4,23.246
CMAES_IPOP,29,30,7,30297,516.4249190056189,300020,3,25.848
CMAES_IPOP,29,30,8,30298,433.8985986382386,300090,4,23.625
CMAES_IPOP,29,30,9,30299,451.29526798435063,300048,4,23.251
