variant,func,dim,run,seed,final_error,fes
full,1,10,0,9010,1894.2681620443752,100002
scale1_only,1,10,0,9010,12673053.05764517,100000
scale2_only,1,10,0,9010,1891527.939190196,100000
scale3_only,1,10,0,9010,1743.0522870363623,100002
time_prior_only,1,10,0,9010,1994.6164116930386,100003
feedback_only,1,10,0,9010,11.769720062461488,100000
no_floor,1,10,0,9010,126.08169363712011,100003
no_rescue,1,10,0,9010,1891.7331877841414,100000
full,1,10,1,9011,3265.4550065309027,100002
scale1_only,1,10,1,9011,11932043.467155123,100000
scale2_only,1,10,1,9011,2295597.33550328,100000
scale3_only,1,10,1,9011,146.95300021294912,100001
time_prior_only,1,10,1,9011,1331.6559268501303,100002
feedback_only,1,10,1,9011,8180.48577667895,100003
no_floor,1,10,1,9011,928.0814167599547,100003
no_rescue,1,10,1,9011,3265.2769791452565,100000
full,1,10,2,9012,2.2703719832314846,100001
scale1_only,1,10,2,9012,18502747.942372695,100000
scale2_only,1,10,2,9012,1624070.1825247782,100000
scale3_only,1,10,2,9012,1051.8813005856734,100000
time_prior_only,1,10,2,9012,462.610043538538,100004
feedback_only,1,10,2,9012,683.7774972388744,100000
no_floor,1,10,2,9012,2643.5486703304514,100001
no_rescue,1,10,2,9012,2.6899460116391367,100000
full,1,10,3,9013,2035.3838696151897,100000
scale1_only,1,10,3,9013,13060860.736297997,100000
scale2_only,1,10,3,9013,1726811.0096032552,100000
scale3_only,1,10,3,9013,3925.7511205432356,100001
time_prior_only,1,10,3,9013,0.13624452394395803,100003
feedback_only,1,10,3,9013,706.9163451137897,100003
no_floor,1,10,3,9013,493.466092552643,100001
no_rescue,1,10,3,9013,2018.88196355508,100000
full,1,10,4,9014,3108.0608501409297,100003
scale1_only,1,10,4,9014,4914097.18946239,100000
scale2_only,1,10,4,9014,1826140.2907134967,100000
scale3_only,1,10,4,9014,2.416461031840427,100003
time_prior_only,1,10,4,9014,78.60453792066522,100000
feedback_only,1,10,4,9014,2.509819864235098,100003
no_floor,1,10,4,9014,1127.7412552540754,100002
no_rescue,1,10,4,9014,2933.6323601035433,100000
full,1,10,5,9015,1949.4866659054906,100000
scale1_only,1,10,5,9015,12042000.99318451,100000
scale2_only,1,10,5,9015,1869164.8824648403,100000
scale3_only,1,10,5,9015,56.52048012122691,100000
time_prior_only,1,10,5,9015,98.96338678730393,100001
feedback_only,1,10,5,9015,432.81063093986154,100000
no_floor,1,10,5,9015,4895.568720511024,100001
no_rescue,1,10,5,9015,1947.9958260495798,100000
full,1,10,6,9016,34.81035052234253,100002
scale1_only,1,10,6,9016,4529714.301013313,100000
scale2_only,1,10,6,9016,2760794.818702312,100000
scale3_only,1,10,6,9016,1224.0554556579386,100002
time_prior_only,1,10,6,9016,1903.4169004651153,100000
feedback_only,1,10,6,9016,23.489735822942194,100003
no_floor,1,10,6,9016,118.54187173858662,100003
no_rescue,1,10,6,9016,34.22933611987301,100000
full,1,10,7,9017,38.14657392093636,100000
scale1_only,1,10,7,9017,6008124.128048977,100000
scale2_only,1,10,7,9017,1031634.2037721531,100000
scale3_only,1,10,7,9017,464.14920301450127,100003
time_prior_only,1,10,7,9017,5748.7381936977945,100003
feedback_only,1,10,7,9017,12.898719631787372,100000
no_floor,1,10,7,9017,329.9423356362909,100002
no_rescue,1,10,7,9017,38.392085176415634,100000
full,4,10,0,9040,4.990712971385165,100000
scale1_only,4,10,0,9040,6.262395587066919,100000
scale2_only,4,10,0,9040,0.41847597963436556,100000
scale3_only,4,10,0,9040,2.9982613204848008,100000
time_prior_only,4,10,0,9040,5.56387007021425,100000
feedback_only,4,10,0,9040,3.9986139008690316,100000
no_floor,4,10,0,9040,4.1846995381094985,100000
no_rescue,4,10,0,9040,4.990712971385165,100000
full,4,10,1,9041,4.879720676568468,100000
scale1_only,4,10,1,9041,5.025033611948174,100000
scale2_only,4,10,1,9041,0.573802567627979,100000
scale3_only,4,10,1,9041,4.081063407607985,100000
time_prior_only,4,10,1,9041,5.869633897438973,100000
feedback_only,4,10,1,9041,3.4604905697432855,100000
no_floor,4,10,1,9041,4.312489814903415,100000
no_rescue,4,10,1,9041,4.879720676568468,100000
full,4,10,2,9042,4.538449526623481,100000
scale1_only,4,10,2,9042,5.507932818816926,100000
scale2_only,4,10,2,9042,0.5786990084870922,100000
scale3_only,4,10,2,9042,4.0741860504580245,100000
time_prior_only,4,10,2,9042,5.214479998745446,100000
feedback_only,4,10,2,9042,4.067156307362836,100000
no_floor,4,10,2,9042,4.517476509841686,100000
no_rescue,4,10,2,9042,4.538449526623481,100000
full,4,10,3,9043,2.928481441118322,100000
scale1_only,4,10,3,9043,6.195588302920896,100000
scale2_only,4,10,3,9043,1.0884300337420996,100000
scale3_only,4,10,3,9043,4.113496636117077,100000
time_prior_only,4,10,3,9043,5.400816511612732,100000
feedback_only,4,10,3,9043,4.297501988130705,100000
no_floor,4,10,3,9043,4.929605995786233,100000
no_rescue,4,10,3,9043,2.928481441118322,100000
full,4,10,4,9044,4.541419861604368,100000
scale1_only,4,10,4,9044,6.611453252836952,100000
scale2_only,4,10,4,9044,0.6005548522250024,100000
scale3_only,4,10,4,9044,3.0625984320798807,100000
time_prior_only,4,10,4,9044,4.463987219336502,100000
feedback_only,4,10,4,9044,4.071062159728626,100000
no_floor,4,10,4,9044,2.65556568070474,100000
no_rescue,4,10,4,9044,4.541419861604368,100000
full,4,10,5,9045,4.210170363215354,100000
scale1_only,4,10,5,9045,5.238316850318199,100000
scale2_only,4,10,5,9045,0.5690286868967291,100000
scale3_only,4,10,5,9045,4.064054165722041,100000
time_prior_only,4,10,5,9045,5.662304958825814,100000
feedback_only,4,10,5,9045,2.84329366385424,100000
no_floor,4,10,5,9045,4.124238966424457,100000
no_rescue,4,10,5,9045,4.210170363215354,100000
full,4,10,6,9046,4.976336727641183,100000
scale1_only,4,10,6,9046,6.525542992976739,100000
scale2_only,4,10,6,9046,0.2750071832080039,100000
scale3_only,4,10,6,9046,4.1497920098719305,100000
time_prior_only,4,10,6,9046,5.1048528942457665,100000
feedback_only,4,10,6,9046,4.400017506316715,100000
no_floor,4,10,6,9046,3.1732823549919544,100000
no_rescue,4,10,6,9046,4.976336727641183,100000
full,4,10,7,9047,2.9134216888879223,100000
scale1_only,4,10,7,9047,5.416648296222547,100000
scale2_only,4,10,7,9047,0.4123562240708907,100000
scale3_only,4,10,7,9047,4.145337532043413,100000
time_prior_only,4,10,7,9047,5.156097102102535,100000
feedback_only,4,10,7,9047,3.2014569039286016,100000
no_floor,4,10,7,9047,4.637517024232352,100000
no_rescue,4,10,7,9047,2.9134216888879223,100000
full,9,10,0,9090,1.4431861927732825e-08,100003
scale1_only,9,10,0,9090,7.482524093282905,100000
scale2_only,9,10,0,9090,0.3956596949569757,100000
scale3_only,9,10,0,9090,9.894279173749965e-09,100000
time_prior_only,9,10,0,9090,2.8054273570887744e-08,100000
feedback_only,9,10,0,9090,2.3151869754656218e-08,100000
no_floor,9,10,0,9090,1.7741172086971346e-08,100002
no_rescue,9,10,0,9090,1.5128421182453167e-08,100000
full,9,10,1,9091,1.59117234943551e-08,100000
scale1_only,9,10,1,9091,7.936316468735413,100000
scale2_only,9,10,1,9091,0.4116232584141244,100000
scale3_only,9,10,1,9091,1.3980070434627123e-09,100001
time_prior_only,9,10,1,9091,1.9332219380885363e-08,100000
feedback_only,9,10,1,9091,2.0529910216282587e-08,100000
no_floor,9,10,1,9091,1.849286945798667e-08,100002
no_rescue,9,10,1,9091,1.1481461115181446e-08,100000
full,9,10,2,9092,3.0055730348976795e-08,100000
scale1_only,9,10,2,9092,3.9046716156002503,100000
scale2_only,9,10,2,9092,0.42248309573813003,100000
scale3_only,9,10,2,9092,1.9541289475455415e-08,100000
time_prior_only,9,10,2,9092,9.78491243586177e-09,100003
feedback_only,9,10,2,9092,1.1228053153899964e-08,100002
no_floor,9,10,2,9092,1.1955421541642863e-08,100003
no_rescue,9,10,2,9092,1.1882889339176472e-08,100000
full,9,10,3,9093,1.4287024896475486e-08,100001
scale1_only,9,10,3,9093,6.294037589061418,100000
scale2_only,9,10,3,9093,0.3939786582027409,100000
scale3_only,9,10,3,9093,5.269612302072346e-09,100000
time_prior_only,9,10,3,9093,1.0438611752761062e-08,100002
feedback_only,9,10,3,9093,1.3995077097206376e-08,100002
no_floor,9,10,3,9093,1.588148279552115e-08,100003
no_rescue,9,10,3,9093,1.3788962860417087e-08,100000
full,9,10,4,9094,1.5688897292420734e-08,100000
scale1_only,9,10,4,9094,5.637033590477472,100000
scale2_only,9,10,4,9094,0.4335086539911117,100000
scale3_only,9,10,4,9094,5.109995981911197e-09,100003
time_prior_only,9,10,4,9094,1.607691046956461e-08,100002
feedback_only,9,10,4,9094,2.0460220184759237e-08,100000
no_floor,9,10,4,9094,8.094048098428175e-09,100002
no_rescue,9,10,4,9094,1.2844338925788179e-08,100000
full,9,10,5,9095,1.3701651369046886e-08,100000
scale1_only,9,10,5,9095,4.436116262495148,100000
scale2_only,9,10,5,9095,0.4778986389887905,100000
scale3_only,9,10,5,9095,1.356829670839943e-08,100003
time_prior_only,9,10,5,9095,1.4537135939463042e-08,100000
feedback_only,9,10,5,9095,8.350298230652697e-09,100001
no_floor,9,10,5,9095,6.084860615374055e-09,100003
no_rescue,9,10,5,9095,2.180900082748849e-08,100000
full,9,10,6,9096,7.189669304352719e-09,100003
scale1_only,9,10,6,9096,7.36958788095194,100000
scale2_only,9,10,6,9096,0.3399846147868857,100000
scale3_only,9,10,6,9096,3.814989213424269e-09,100002
time_prior_only,9,10,6,9096,1.188345777336508e-08,100003
feedback_only,9,10,6,9096,1.4104898582445458e-08,100002
no_floor,9,10,6,9096,2.765784756775247e-08,100003
no_rescue,9,10,6,9096,6.101004146330524e-09,100000
full,9,10,7,9097,1.3924591257818975e-08,100001
scale1_only,9,10,7,9097,2.390605829549827,100000
scale2_only,9,10,7,9097,0.3961702205582469,100000
scale3_only,9,10,7,9097,1.4332385944726411e-08,100000
time_prior_only,9,10,7,9097,2.0602669792424422e-08,100002
feedback_only,9,10,7,9097,1.716045971988933e-08,100003
no_floor,9,10,7,9097,6.253230822039768e-09,100004
no_rescue,9,10,7,9097,5.9022795539931394e-09,100000
full,16,10,0,9160,1.6419186348184667,100000
scale1_only,16,10,0,9160,15.825625394927783,100000
scale2_only,16,10,0,9160,5.608114023630151,100000
scale3_only,16,10,0,9160,1.733396172507355,100002
time_prior_only,16,10,0,9160,1.6780905887567314,100000
feedback_only,16,10,0,9160,1.7727740725665626,100000
no_floor,16,10,0,9160,2.8086177591958403,100000
no_rescue,16,10,0,9160,1.9299818760489416,100000
full,16,10,1,9161,3.0789328121443305,100000
scale1_only,16,10,1,9161,24.355581937624038,100000
scale2_only,16,10,1,9161,3.5108577748362677,100000
scale3_only,16,10,1,9161,1.8123595660779301,100001
time_prior_only,16,10,1,9161,2.2313048334503947,100000
feedback_only,16,10,1,9161,1.4204337879230025,100000
no_floor,16,10,1,9161,3.029669815103489,100001
no_rescue,16,10,1,9161,3.139485588027128,100000
full,16,10,2,9162,1.3861502348549948,100000
scale1_only,16,10,2,9162,29.126252169141026,100000
scale2_only,16,10,2,9162,2.767887809560534,100000
scale3_only,16,10,2,9162,1.3594444630664384,100001
time_prior_only,16,10,2,9162,2.526963807706352,100002
feedback_only,16,10,2,9162,1.1478317302648975,100000
no_floor,16,10,2,9162,1.193209228256137,100002
no_rescue,16,10,2,9162,1.3838039970019054,100000
full,16,10,3,9163,2.1966430807306097,100000
scale1_only,16,10,3,9163,13.125008588617902,100000
scale2_only,16,10,3,9163,3.346503460563781,100000
scale3_only,16,10,3,9163,1.738189484540726,100000
time_prior_only,16,10,3,9163,2.3811912865451177,100003
feedback_only,16,10,3,9163,1.5938335049720536,100002
no_floor,16,10,3,9163,1.2572073766161793,100003
no_rescue,16,10,3,9163,2.1966430807306097,100000
full,16,10,4,9164,1.2003173125306148,100001
scale1_only,16,10,4,9164,24.5580804828096,100000
scale2_only,16,10,4,9164,5.702034773834157,100000
scale3_only,16,10,4,9164,0.8541400293734114,100001
time_prior_only,16,10,4,9164,2.4569247723038643,100002
feedback_only,16,10,4,9164,2.06167155516232,100000
no_floor,16,10,4,9164,1.7917893636183635,100001
no_rescue,16,10,4,9164,1.2004597973609634,100000
full,16,10,5,9165,1.1883367775278657,100002
scale1_only,16,10,5,9165,19.254998913096642,100000
scale2_only,16,10,5,9165,6.022417104628403,100000
scale3_only,16,10,5,9165,1.7248320091478035,100002
time_prior_only,16,10,5,9165,2.403016203621064,100002
feedback_only,16,10,5,9165,1.5644515271940236,100003
no_floor,16,10,5,9165,2.175951263117213,100000
no_rescue,16,10,5,9165,1.1878272958908838,100000
full,16,10,6,9166,1.7652148715999374,100003
scale1_only,16,10,6,9166,20.528375239723573,100000
scale2_only,16,10,6,9166,5.041906479712452,100000
scale3_only,16,10,6,9166,0.5412731909189006,100001
time_prior_only,16,10,6,9166,4.817392627498066,100001
feedback_only,16,10,6,9166,2.5297046973630586,100000
no_floor,16,10,6,9166,1.7624903115406596,100002
no_rescue,16,10,6,9166,1.765254257168408,100000
full,16,10,7,9167,1.7035127783738062,100000
scale1_only,16,10,7,9167,22.774952771100516,100000
scale2_only,16,10,7,9167,5.220767463478751,100000
scale3_only,16,10,7,9167,1.566286985679426,100002
time_prior_only,16,10,7,9167,1.8972844587956388,100002
feedback_only,16,10,7,9167,1.9096744201233378,100000
no_floor,16,10,7,9167,1.3083654442896204,100003
no_rescue,16,10,7,9167,1.7030698914768436,100000
full,21,10,0,9210,100.00002372457357,100003
scale1_only,21,10,0,9210,102.97543727834682,100000
scale2_only,21,10,0,9210,226.18539619159037,100000
scale3_only,21,10,0,9210,100.29055235538044,100000
time_prior_only,21,10,0,9210,100.0000156375213,100000
feedback_only,21,10,0,9210,208.6517527843448,100003
no_floor,21,10,0,9210,100.00001737728098,100003
no_rescue,21,10,0,9210,100.00001439537027,100000
full,21,10,1,9211,100.00002006868408,100002
scale1_only,21,10,1,9211,102.69908158597582,100000
scale2_only,21,10,1,9211,100.19506173159971,100000
scale3_only,21,10,1,9211,207.30360346745965,100003
time_prior_only,21,10,1,9211,100.00001311389678,100000
feedback_only,21,10,1,9211,100.00001432860427,100002
no_floor,21,10,1,9211,100.00001680082732,100003
no_rescue,21,10,1,9211,100.00001427387224,100000
full,21,10,2,9212,100.0000212935106,100003
scale1_only,21,10,2,9212,104.20491759791048,100000
scale2_only,21,10,2,9212,100.21017261767884,100000
scale3_only,21,10,2,9212,209.22828634257257,100001
time_prior_only,21,10,2,9212,100.000014870639,100000
feedback_only,21,10,2,9212,100.00001279750632,100002
no_floor,21,10,2,9212,100.00001031966167,100001
no_rescue,21,10,2,9212,100.00001460914609,100000
full,21,10,3,9213,100.00001598443714,100002
scale1_only,21,10,3,9213,102.29323867585754,100000
scale2_only,21,10,3,9213,100.1343396629295,100000
scale3_only,21,10,3,9213,207.72361948074013,100000
time_prior_only,21,10,3,9213,100.00001143841519,100000
feedback_only,21,10,3,9213,100.0000121722046,100000
no_floor,21,10,3,9213,100.0000151698082,100002
no_rescue,21,10,3,9213,100.00001029262194,100000
full,21,10,4,9214,206.4556933004951,100002
scale1_only,21,10,4,9214,101.80897744050071,100000
scale2_only,21,10,4,9214,227.96651808842898,100000
scale3_only,21,10,4,9214,206.74341518850906,100002
time_prior_only,21,10,4,9214,100.00001660416592,100000
feedback_only,21,10,4,9214,203.59166748704365,100002
no_floor,21,10,4,9214,206.35686841338202,100002
no_rescue,21,10,4,9214,206.4556933075046,100000
full,21,10,5,9215,100.00001865813647,100000
scale1_only,21,10,5,9215,102.12406800090594,100000
scale2_only,21,10,5,9215,228.97430391340595,100000
scale3_only,21,10,5,9215,206.5671446819083,100001
time_prior_only,21,10,5,9215,100.00001562058878,100003
feedback_only,21,10,5,9215,100.00001570594395,100002
no_floor,21,10,5,9215,100.00001952912135,100003
no_rescue,21,10,5,9215,100.00001099662495,100000
full,21,10,6,9216,100.00001511775645,100000
scale1_only,21,10,6,9216,102.54217368936543,100000
scale2_only,21,10,6,9216,231.42109271273148,100000
scale3_only,21,10,6,9216,175.62694058206534,100000
time_prior_only,21,10,6,9216,100.00001390641364,100002
feedback_only,21,10,6,9216,100.00001011626591,100003
no_floor,21,10,6,9216,100.00001987754831,100003
no_rescue,21,10,6,9216,100.00001578016327,100000
full,21,10,7,9217,100.00001232415616,100003
scale1_only,21,10,7,9217,102.39808745635946,100000
scale2_only,21,10,7,9217,100.18470513871944,100000
scale3_only,21,10,7,9217,208.0653544959987,100002
time_prior_only,21,10,7,9217,100.00001488161479,100001
feedback_only,21,10,7,9217,100.00002029106645,100002
no_floor,21,10,7,9217,204.65492509497972,100002
no_rescue,21,10,7,9217,100.00001128961912,100000
full,27,10,0,9270,389.517990720155,100000
scale1_only,27,10,0,9270,391.11202469263753,100000
scale2_only,27,10,0,9270,389.2281408740555,100000
scale3_only,27,10,0,9270,395.55661453499715,100003
time_prior_only,27,10,0,9270,389.95493807813364,100000
feedback_only,27,10,0,9270,393.81876468654036,100001
no_floor,27,10,0,9270,390.75189902084276,100001
no_rescue,27,10,0,9270,389.51799081572517,100000
full,27,10,1,9271,393.8187646932247,100001
scale1_only,27,10,1,9271,392.78764163729693,100000
scale2_only,27,10,1,9271,389.2051017783515,100000
scale3_only,27,10,1,9271,393.81876468584005,100001
time_prior_only,27,10,1,9271,389.5179904092697,100001
feedback_only,27,10,1,9271,389.51799047685154,100003
no_floor,27,10,1,9271,389.5179923256255,100000
no_rescue,27,10,1,9271,393.8187646855695,100000
full,27,10,2,9272,389.9549380505355,100001
scale1_only,27,10,2,9272,393.42817731532705,100000
scale2_only,27,10,2,9272,389.2301484042855,100000
scale3_only,27,10,2,9272,395.9847666881278,100003
time_prior_only,27,10,2,9272,389.5179920161909,100002
feedback_only,27,10,2,9272,389.51799045064126,100000
no_floor,27,10,2,9272,395.0745565917,100001
no_rescue,27,10,2,9272,389.9549378461088,100000
full,27,10,3,9273,389.5179910560887,100001
scale1_only,27,10,3,9273,391.9714308096063,100000
scale2_only,27,10,3,9273,389.26717713470634,100000
scale3_only,27,10,3,9273,391.3423645693256,100003
time_prior_only,27,10,3,9273,389.5179929429346,100001
feedback_only,27,10,3,9273,390.1034620057385,100000
no_floor,27,10,3,9273,391.00259482781166,100002
no_rescue,27,10,3,9273,389.5179912956946,100000
full,27,10,4,9274,396.24342600346245,100002
scale1_only,27,10,4,9274,392.5293645007755,100000
scale2_only,27,10,4,9274,389.2001436968417,100000
scale3_only,27,10,4,9274,395.0745566641817,100002
time_prior_only,27,10,4,9274,389.517990813049,100001
feedback_only,27,10,4,9274,389.0055268651531,100000
no_floor,27,10,4,9274,390.7518989070795,100000
no_rescue,27,10,4,9274,396.24342587533874,100000
full,27,10,5,9275,395.9847666891551,100003
scale1_only,27,10,5,9275,392.3020566611058,100000
scale2_only,27,10,5,9275,389.23568763605226,100000
scale3_only,27,10,5,9275,392.7954160544364,100000
time_prior_only,27,10,5,9275,389.5179923274827,100001
feedback_only,27,10,5,9275,389.9549378067313,100002
no_floor,27,10,5,9275,390.7518988756733,100002
no_rescue,27,10,5,9275,395.9847666882647,100000
full,27,10,6,9276,394.3631562982864,100002
scale1_only,27,10,6,9276,393.13256142340106,100000
scale2_only,27,10,6,9276,389.1429147385347,100000
scale3_only,27,10,6,9276,398.6915938216953,100001
time_prior_only,27,10,6,9276,390.75189924951974,100000
feedback_only,27,10,6,9276,394.3631562995647,100000
no_floor,27,10,6,9276,389.5179903770145,100002
no_rescue,27,10,6,9276,394.3631562981109,100000
full,27,10,7,9277,395.0745566146452,100001
scale1_only,27,10,7,9277,392.05634174404213,100000
scale2_only,27,10,7,9277,389.1224808235979,100000
scale3_only,27,10,7,9277,395.1735649282332,100002
time_prior_only,27,10,7,9277,389.5179907080246,100001
feedback_only,27,10,7,9277,393.81876468698374,100002
no_floor,27,10,7,9277,389.297494567154,100000
no_rescue,27,10,7,9277,395.074556881435,100000
